Workbook

Sheet Proyección Mayores 70
A1: Proyección de Hogares Unipersonales de Mayores de 70 años
A2: Fórmula: Proyección hogares unipersonales × % Mayores de 70 por sexo
A3: Provincia | B3: Sexo | C3: 2024 | D3: 2025 | E3: 2026 | F3: 2027 | G3: 2028 | H3: 2029 | I3: 2030 | J3: 2031 | K3: 2032 | L3: 2033 | M3: 2034 | N3: 2035 | O3: 2036 | P3: 2037 | Q3: 2038 | R3: 2039
A4: Total Nacional | B4: Ambos Sexos | C4: ='proyección hogares'!Q10*'provincia (%)'!K9 -> 1866665.9 | D4: ='proyección hogares'!P10*'provincia (%)'!K9 -> 1927634.1 | E4: ='proyección hogares'!O10*'provincia (%)'!K9 -> 1988710.6 | F4: ='proyección hogares'!N10*'provincia (%)'!K9 -> 2048040.3 | G4: ='proyección hogares'!M10*'provincia (%)'!K9 -> 2106779.4 | H4: ='proyección hogares'!L10*'provincia (%)'!K9 -> 2165338.3 | I4: ='proyección hogares'!K10*'provincia (%)'!K9 -> 2220294.3 | J4: ='proyección hogares'!J10*'provincia (%)'!K9 -> 2272439.9 | K4: ='proyección hogares'!I10*'provincia (%)'!K9 -> 2323035 | L4: ='proyección hogares'!H10*'provincia (%)'!K9 -> 2372917.6 | M4: ='proyección hogares'!G10*'provincia (%)'!K9 -> 2420590 | N4: ='proyección hogares'!F10*'provincia (%)'!K9 -> 2467569.5 | O4: ='proyección hogares'!E10*'provincia (%)'!K9 -> 2514057.4 | P4: ='proyección hogares'!D10*'provincia (%)'!K9 -> 2559825.3 | Q4: ='proyección hogares'!C10*'provincia (%)'!K9 -> 2604790.5 | R4: ='proyección hogares'!B10*'provincia (%)'!K9 -> 2648134.9
B5: Hombre | C5: ='proyección hogares'!Q10*'provincia (%)'!K10 -> 1072416.3 | D5: ='proyección hogares'!P10*'provincia (%)'!K10 -> 1107443.1 | E5: ='proyección hogares'!O10*'provincia (%)'!K10 -> 1142532.1 | F5: ='proyección hogares'!N10*'provincia (%)'!K10 -> 1176617.5 | G5: ='proyección hogares'!M10*'provincia (%)'!K10 -> 1210363.7 | H5: ='proyección hogares'!L10*'provincia (%)'!K10 -> 1244006.3 | I5: ='proyección hogares'!K10*'provincia (%)'!K10 -> 1275579 | J5: ='proyección hogares'!J10*'provincia (%)'!K10 -> 1305537.1 | K5: ='proyección hogares'!I10*'provincia (%)'!K10 -> 1334604.4 | L5: ='proyección hogares'!H10*'provincia (%)'!K10 -> 1363262.4 | M5: ='proyección hogares'!G10*'provincia (%)'!K10 -> 1390650.7 | N5: ='proyección hogares'!F10*'provincia (%)'!K10 -> 1417640.8 | O5: ='proyección hogares'!E10*'provincia (%)'!K10 -> 1444348.5 | P5: ='proyección hogares'!D10*'provincia (%)'!K10 -> 1470642.6 | Q5: ='proyección hogares'!C10*'provincia (%)'!K10 -> 1496475.5 | R5: ='proyección hogares'!B10*'provincia (%)'!K10 -> 1521377.3
B6: Mujer | C6: ='proyección hogares'!Q10*'provincia (%)'!K11 -> 2554791.3 | D6: ='proyección hogares'!P10*'provincia (%)'!K11 -> 2638234.9 | E6: ='proyección hogares'!O10*'provincia (%)'!K11 -> 2721826.5 | F6: ='proyección hogares'!N10*'provincia (%)'!K11 -> 2803027.4 | G6: ='proyección hogares'!M10*'provincia (%)'!K11 -> 2883420.1 | H6: ='proyección hogares'!L10*'provincia (%)'!K11 -> 2963565.9 | I6: ='proyección hogares'!K10*'provincia (%)'!K11 -> 3038780.8 | J6: ='proyección hogares'!J10*'provincia (%)'!K11 -> 3110149.5 | K6: ='proyección hogares'!I10*'provincia (%)'!K11 -> 3179395.8 | L6: ='proyección hogares'!H10*'provincia (%)'!K11 -> 3247667 | M6: ='proyección hogares'!G10*'provincia (%)'!K11 -> 3312913.3 | N6: ='proyección hogares'!F10*'provincia (%)'!K11 -> 3377211.3 | O6: ='proyección hogares'!E10*'provincia (%)'!K11 -> 3440836.5 | P6: ='proyección hogares'!D10*'provincia (%)'!K11 -> 3503476.3 | Q6: ='proyección hogares'!C10*'provincia (%)'!K11 -> 3565017.3 | R6: ='proyección hogares'!B10*'provincia (%)'!K11 -> 3624340.1
A7: Málaga | B7: Ambos Sexos | C7: ='proyección hogares'!Q24*'provincia (%)'!K133 -> 55285.224 | D7: ='proyección hogares'!P24*'provincia (%)'!K133 -> 57665.024 | E7: ='proyección hogares'!O24*'provincia (%)'!K133 -> 60052.779 | F7: ='proyección hogares'!N24*'provincia (%)'!K133 -> 62350.742 | G7: ='proyección hogares'!M24*'provincia (%)'!K133 -> 64591.873 | H7: ='proyección hogares'!L24*'provincia (%)'!K133 -> 66740.371 | I7: ='proyección hogares'!K24*'provincia (%)'!K133 -> 68738.265 | J7: ='proyección hogares'!J24*'provincia (%)'!K133 -> 70606.017 | K7: ='proyección hogares'!I24*'provincia (%)'!K133 -> 72412.675 | L7: ='proyección hogares'!H24*'provincia (%)'!K133 -> 74178.984 | M7: ='proyección hogares'!G24*'provincia (%)'!K133 -> 75850.1 | N7: ='proyección hogares'!F24*'provincia (%)'!K133 -> 77481.151 | O7: ='proyección hogares'!E24*'provincia (%)'!K133 -> 79083.502 | P7: ='proyección hogares'!D24*'provincia (%)'!K133 -> 80654.879 | Q7: ='proyección hogares'!C24*'provincia (%)'!K133 -> 82199.831 | R7: ='proyección hogares'!B24*'provincia (%)'!K133 -> 83697.897
B8: Hombre | C8: ='proyección hogares'!Q24*'provincia (%)'!K134 -> 34792.121 | D8: ='proyección hogares'!P24*'provincia (%)'!K134 -> 36289.777 | E8: ='proyección hogares'!O24*'provincia (%)'!K134 -> 37792.441 | F8: ='proyección hogares'!N24*'provincia (%)'!K134 -> 39238.596 | G8: ='proyección hogares'!M24*'provincia (%)'!K134 -> 40648.986 | H8: ='proyección hogares'!L24*'provincia (%)'!K134 -> 42001.079 | I8: ='proyección hogares'!K24*'provincia (%)'!K134 -> 43258.395 | J8: ='proyección hogares'!J24*'provincia (%)'!K134 -> 44433.809 | K8: ='proyección hogares'!I24*'provincia (%)'!K134 -> 45570.776 | L8: ='proyección hogares'!H24*'provincia (%)'!K134 -> 46682.35 | M8: ='proyección hogares'!G24*'provincia (%)'!K134 -> 47734.018 | N8: ='proyección hogares'!F24*'provincia (%)'!K134 -> 48760.471 | O8: ='proyección hogares'!E24*'provincia (%)'!K134 -> 49768.863 | P8: ='proyección hogares'!D24*'provincia (%)'!K134 -> 50757.763 | Q8: ='proyección hogares'!C24*'provincia (%)'!K134 -> 51730.033 | R8: ='proyección hogares'!B24*'provincia (%)'!K134 -> 52672.796
B9: Mujer | C9: ='proyección hogares'!Q24*'provincia (%)'!K135 -> 75670.78 | D9: ='proyección hogares'!P24*'provincia (%)'!K135 -> 78928.093 | E9: ='proyección hogares'!O24*'provincia (%)'!K135 -> 82196.295 | F9: ='proyección hogares'!N24*'provincia (%)'!K135 -> 85341.596 | G9: ='proyección hogares'!M24*'provincia (%)'!K135 -> 88409.109 | H9: ='proyección hogares'!L24*'provincia (%)'!K135 -> 91349.831 | I9: ='proyección hogares'!K24*'provincia (%)'!K135 -> 94084.418 | J9: ='proyección hogares'!J24*'provincia (%)'!K135 -> 96640.873 | K9: ='proyección hogares'!I24*'provincia (%)'!K135 -> 99113.709 | L9: ='proyección hogares'!H24*'provincia (%)'!K135 -> 101531.32 | M9: ='proyección hogares'!G24*'provincia (%)'!K135 -> 103818.63 | N9: ='proyección hogares'!F24*'provincia (%)'!K135 -> 106051.1 | O9: ='proyección hogares'!E24*'provincia (%)'!K135 -> 108244.3 | P9: ='proyección hogares'!D24*'provincia (%)'!K135 -> 110395.1 | Q9: ='proyección hogares'!C24*'provincia (%)'!K135 -> 112509.72 | R9: ='proyección hogares'!B24*'provincia (%)'!K135 -> 114560.18
A10: Jaén | B10: Ambos Sexos | C10: ='proyección hogares'!Q31*'provincia (%)'!K113 -> 30775.98 | D10: ='proyección hogares'!P31*'provincia (%)'!K113 -> 31663.861 | E10: ='proyección hogares'!O31*'provincia (%)'!K113 -> 32514.258 | F10: ='proyección hogares'!N31*'provincia (%)'!K113 -> 33272.684 | G10: ='proyección hogares'!M31*'provincia (%)'!K113 -> 34073.826 | H10: ='proyección hogares'!L31*'provincia (%)'!K113 -> 34908.531 | I10: ='proyección hogares'!K31*'provincia (%)'!K113 -> 35657.804 | J10: ='proyección hogares'!J31*'provincia (%)'!K113 -> 36313.799 | K10: ='proyección hogares'!I31*'provincia (%)'!K113 -> 36947.129 | L10: ='proyección hogares'!H31*'provincia (%)'!K113 -> 37623.174 | M10: ='proyección hogares'!G31*'provincia (%)'!K113 -> 38263.042 | N10: ='proyección hogares'!F31*'provincia (%)'!K113 -> 38859.322 | O10: ='proyección hogares'!E31*'provincia (%)'!K113 -> 39454.294 | P10: ='proyección hogares'!D31*'provincia (%)'!K113 -> 40058.856 | Q10: ='proyección hogares'!C31*'provincia (%)'!K113 -> 40635.957 | R10: ='proyección hogares'!B31*'provincia (%)'!K113 -> 41220.469
B11: Hombre | C11: ='proyección hogares'!Q31*'provincia (%)'!K114 -> 17458.873 | D11: ='proyección hogares'!P31*'provincia (%)'!K114 -> 17962.558 | E11: ='proyección hogares'!O31*'provincia (%)'!K114 -> 18444.979 | F11: ='proyección hogares'!N31*'provincia (%)'!K114 -> 18875.226 | G11: ='proyección hogares'!M31*'provincia (%)'!K114 -> 19329.705 | H11: ='proyección hogares'!L31*'provincia (%)'!K114 -> 19803.224 | I11: ='proyección hogares'!K31*'provincia (%)'!K114 -> 20228.278 | J11: ='proyección hogares'!J31*'provincia (%)'!K114 -> 20600.417 | K11: ='proyección hogares'!I31*'provincia (%)'!K114 -> 20959.697 | L11: ='proyección hogares'!H31*'provincia (%)'!K114 -> 21343.211 | M11: ='proyección hogares'!G31*'provincia (%)'!K114 -> 21706.2 | N11: ='proyección hogares'!F31*'provincia (%)'!K114 -> 22044.463 | O11: ='proyección hogares'!E31*'provincia (%)'!K114 -> 22381.985 | P11: ='proyección hogares'!D31*'provincia (%)'!K114 -> 22724.946 | Q11: ='proyección hogares'!C31*'provincia (%)'!K114 -> 23052.329 | R11: ='proyección hogares'!B31*'provincia (%)'!K114 -> 23383.916
B12: Mujer | C12: ='proyección hogares'!Q31*'provincia (%)'!K115 -> 43077.289 | D12: ='proyección hogares'!P31*'provincia (%)'!K115 -> 44320.062 | E12: ='proyección hogares'!O31*'provincia (%)'!K115 -> 45510.366 | F12: ='proyección hogares'!N31*'provincia (%)'!K115 -> 46571.939 | G12: ='proyección hogares'!M31*'provincia (%)'!K115 -> 47693.301 | H12: ='proyección hogares'!L31*'provincia (%)'!K115 -> 48861.642 | I12: ='proyección hogares'!K31*'provincia (%)'!K115 -> 49910.403 | J12: ='proyección hogares'!J31*'provincia (%)'!K115 -> 50828.602 | K12: ='proyección hogares'!I31*'provincia (%)'!K115 -> 51715.077 | L12: ='proyección hogares'!H31*'provincia (%)'!K115 -> 52661.341 | M12: ='proyección hogares'!G31*'provincia (%)'!K115 -> 53556.967 | N12: ='proyección hogares'!F31*'provincia (%)'!K115 -> 54391.583 | O12: ='proyección hogares'!E31*'provincia (%)'!K115 -> 55224.369 | P12: ='proyección hogares'!D31*'provincia (%)'!K115 -> 56070.576 | Q12: ='proyección hogares'!C31*'provincia (%)'!K115 -> 56878.348 | R12: ='proyección hogares'!B31*'provincia (%)'!K115 -> 57696.491
A13: Almería | B13: Ambos Sexos | C13: ='proyección hogares'!Q38*'provincia (%)'!K21 -> 25392.219 | D13: ='proyección hogares'!P38*'provincia (%)'!K21 -> 26464.623 | E13: ='proyección hogares'!O38*'provincia (%)'!K21 -> 27542.754 | F13: ='proyección hogares'!N38*'provincia (%)'!K21 -> 28616.749 | G13: ='proyección hogares'!M38*'provincia (%)'!K21 -> 29663.385 | H13: ='proyección hogares'!L38*'provincia (%)'!K21 -> 30692.842 | I13: ='proyección hogares'!K38*'provincia (%)'!K21 -> 31649.13 | J13: ='proyección hogares'!J38*'provincia (%)'!K21 -> 32563.426 | K13: ='proyección hogares'!I38*'provincia (%)'!K21 -> 33449.09 | L13: ='proyección hogares'!H38*'provincia (%)'!K21 -> 34311.531 | M13: ='proyección hogares'!G38*'provincia (%)'!K21 -> 35147.567 | N13: ='proyección hogares'!F38*'provincia (%)'!K21 -> 35972.787 | O13: ='proyección hogares'!E38*'provincia (%)'!K21 -> 36801.188 | P13: ='proyección hogares'!D38*'provincia (%)'!K21 -> 37623.863 | Q13: ='proyección hogares'!C38*'provincia (%)'!K21 -> 38453.219 | R13: ='proyección hogares'!B38*'provincia (%)'!K21 -> 39270.168
B14: Hombre | C14: ='proyección hogares'!Q38*'provincia (%)'!K22 -> 14502.578 | D14: ='proyección hogares'!P38*'provincia (%)'!K22 -> 15115.074 | E14: ='proyección hogares'!O38*'provincia (%)'!K22 -> 15730.84 | F14: ='proyección hogares'!N38*'provincia (%)'!K22 -> 16344.244 | G14: ='proyección hogares'!M38*'provincia (%)'!K22 -> 16942.023 | H14: ='proyección hogares'!L38*'provincia (%)'!K22 -> 17529.99 | I14: ='proyección hogares'!K38*'provincia (%)'!K22 -> 18076.166 | J14: ='proyección hogares'!J38*'provincia (%)'!K22 -> 18598.36 | K14: ='proyección hogares'!I38*'provincia (%)'!K22 -> 19104.2 | L14: ='proyección hogares'!H38*'provincia (%)'!K22 -> 19596.777 | M14: ='proyección hogares'!G38*'provincia (%)'!K22 -> 20074.273 | N14: ='proyección hogares'!F38*'provincia (%)'!K22 -> 20545.591 | O14: ='proyección hogares'!E38*'provincia (%)'!K22 -> 21018.726 | P14: ='proyección hogares'!D38*'provincia (%)'!K22 -> 21488.591 | Q14: ='proyección hogares'!C38*'provincia (%)'!K22 -> 21962.272 | R14: ='proyección hogares'!B38*'provincia (%)'!K22 -> 22428.866
B15: Mujer | C15: ='proyección hogares'!Q38*'provincia (%)'!K23 -> 37653.795 | D15: ='proyección hogares'!P38*'provincia (%)'!K23 -> 39244.05 | E15: ='proyección hogares'!O38*'provincia (%)'!K23 -> 40842.796 | F15: ='proyección hogares'!N38*'provincia (%)'!K23 -> 42435.409 | G15: ='proyección hogares'!M38*'provincia (%)'!K23 -> 43987.452 | H15: ='proyección hogares'!L38*'provincia (%)'!K23 -> 45514.021 | I15: ='proyección hogares'!K38*'provincia (%)'!K23 -> 46932.089 | J15: ='proyección hogares'!J38*'provincia (%)'!K23 -> 48287.886 | K15: ='proyección hogares'!I38*'provincia (%)'!K23 -> 49601.226 | L15: ='proyección hogares'!H38*'provincia (%)'!K23 -> 50880.128 | M15: ='proyección hogares'!G38*'provincia (%)'!K23 -> 52119.876 | N15: ='proyección hogares'!F38*'provincia (%)'!K23 -> 53343.584 | O15: ='proyección hogares'!E38*'provincia (%)'!K23 -> 54572.01 | P15: ='proyección hogares'!D38*'provincia (%)'!K23 -> 55791.944 | Q15: ='proyección hogares'!C38*'provincia (%)'!K23 -> 57021.785 | R15: ='proyección hogares'!B38*'provincia (%)'!K23 -> 58233.228
A16: Huelva | B16: Ambos Sexos | C16: ='proyección hogares'!Q45*'provincia (%)'!K105 -> 16970.859 | D16: ='proyección hogares'!P45*'provincia (%)'!K105 -> 17565.214 | E16: ='proyección hogares'!O45*'provincia (%)'!K105 -> 18155.561 | F16: ='proyección hogares'!N45*'provincia (%)'!K105 -> 18721.554 | G16: ='proyección hogares'!M45*'provincia (%)'!K105 -> 19309.435 | H16: ='proyección hogares'!L45*'provincia (%)'!K105 -> 19888.993 | I16: ='proyección hogares'!K45*'provincia (%)'!K105 -> 20423.85 | J16: ='proyección hogares'!J45*'provincia (%)'!K105 -> 20927.88 | K16: ='proyección hogares'!I45*'provincia (%)'!K105 -> 21420.812 | L16: ='proyección hogares'!H45*'provincia (%)'!K105 -> 21899.564 | M16: ='proyección hogares'!G45*'provincia (%)'!K105 -> 22362.593 | N16: ='proyección hogares'!F45*'provincia (%)'!K105 -> 22819.457 | O16: ='proyección hogares'!E45*'provincia (%)'!K105 -> 23269.539 | P16: ='proyección hogares'!D45*'provincia (%)'!K105 -> 23710.064 | Q16: ='proyección hogares'!C45*'provincia (%)'!K105 -> 24148.74 | R16: ='proyección hogares'!B45*'provincia (%)'!K105 -> 24563.678
B17: Hombre | C17: ='proyección hogares'!Q45*'provincia (%)'!K106 -> 10474.23 | D17: ='proyección hogares'!P45*'provincia (%)'!K106 -> 10841.059 | E17: ='proyección hogares'!O45*'provincia (%)'!K106 -> 11205.415 | F17: ='proyección hogares'!N45*'provincia (%)'!K106 -> 11554.74 | G17: ='proyección hogares'!M45*'provincia (%)'!K106 -> 11917.574 | H17: ='proyección hogares'!L45*'provincia (%)'!K106 -> 12275.27 | I17: ='proyección hogares'!K45*'provincia (%)'!K106 -> 12605.379 | J17: ='proyección hogares'!J45*'provincia (%)'!K106 -> 12916.46 | K17: ='proyección hogares'!I45*'provincia (%)'!K106 -> 13220.693 | L17: ='proyección hogares'!H45*'provincia (%)'!K106 -> 13516.173 | M17: ='proyección hogares'!G45*'provincia (%)'!K106 -> 13801.95 | N17: ='proyección hogares'!F45*'provincia (%)'!K106 -> 14083.921 | O17: ='proyección hogares'!E45*'provincia (%)'!K106 -> 14361.707 | P17: ='proyección hogares'!D45*'provincia (%)'!K106 -> 14633.594 | Q17: ='proyección hogares'!C45*'provincia (%)'!K106 -> 14904.34 | R17: ='proyección hogares'!B45*'provincia (%)'!K106 -> 15160.435
B18: Mujer | C18: ='proyección hogares'!Q45*'provincia (%)'!K107 -> 22440.144 | D18: ='proyección hogares'!P45*'provincia (%)'!K107 -> 23226.044 | E18: ='proyección hogares'!O45*'provincia (%)'!K107 -> 24006.645 | F18: ='proyección hogares'!N45*'provincia (%)'!K107 -> 24755.044 | G18: ='proyección hogares'!M45*'provincia (%)'!K107 -> 25532.384 | H18: ='proyección hogares'!L45*'provincia (%)'!K107 -> 26298.718 | I18: ='proyección hogares'!K45*'provincia (%)'!K107 -> 27005.947 | J18: ='proyección hogares'!J45*'provincia (%)'!K107 -> 27672.413 | K18: ='proyección hogares'!I45*'provincia (%)'!K107 -> 28324.205 | L18: ='proyección hogares'!H45*'provincia (%)'!K107 -> 28957.246 | M18: ='proyección hogares'!G45*'provincia (%)'!K107 -> 29569.499 | N18: ='proyección hogares'!F45*'provincia (%)'!K107 -> 30173.598 | O18: ='proyección hogares'!E45*'provincia (%)'!K107 -> 30768.73 | P18: ='proyección hogares'!D45*'provincia (%)'!K107 -> 31351.226 | Q18: ='proyección hogares'!C45*'provincia (%)'!K107 -> 31931.276 | R18: ='proyección hogares'!B45*'provincia (%)'!K107 -> 32479.938
A19: Cádiz | B19: Ambos Sexos | C19: ='proyección hogares'!Q52*'provincia (%)'!K61 -> 40402.253 | D19: ='proyección hogares'!P52*'provincia (%)'!K61 -> 41948.916 | E19: ='proyección hogares'!O52*'provincia (%)'!K61 -> 43489.941 | F19: ='proyección hogares'!N52*'provincia (%)'!K61 -> 44995.484 | G19: ='proyección hogares'!M52*'provincia (%)'!K61 -> 46475.823 | H19: ='proyección hogares'!L52*'provincia (%)'!K61 -> 47954.504 | I19: ='proyección hogares'!K52*'provincia (%)'!K61 -> 49336.685 | J19: ='proyección hogares'!J52*'provincia (%)'!K61 -> 50649.557 | K19: ='proyección hogares'!I52*'provincia (%)'!K61 -> 51925.289 | L19: ='proyección hogares'!H52*'provincia (%)'!K61 -> 53188.419 | M19: ='proyección hogares'!G52*'provincia (%)'!K61 -> 54385.889 | N19: ='proyección hogares'!F52*'provincia (%)'!K61 -> 55550.86 | O19: ='proyección hogares'!E52*'provincia (%)'!K61 -> 56704.225 | P19: ='proyección hogares'!D52*'provincia (%)'!K61 -> 57825.754 | Q19: ='proyección hogares'!C52*'provincia (%)'!K61 -> 58940.651 | R19: ='proyección hogares'!B52*'provincia (%)'!K61 -> 59989.888
B20: Hombre | C20: ='proyección hogares'!Q52*'provincia (%)'!K62 -> 22974.821 | D20: ='proyección hogares'!P52*'provincia (%)'!K62 -> 23854.334 | E20: ='proyección hogares'!O52*'provincia (%)'!K62 -> 24730.641 | F20: ='proyección hogares'!N52*'provincia (%)'!K62 -> 25586.771 | G20: ='proyección hogares'!M52*'provincia (%)'!K62 -> 26428.568 | H20: ='proyección hogares'!L52*'provincia (%)'!K62 -> 27269.423 | I20: ='proyección hogares'!K52*'provincia (%)'!K62 -> 28055.403 | J20: ='proyección hogares'!J52*'provincia (%)'!K62 -> 28801.971 | K20: ='proyección hogares'!I52*'provincia (%)'!K62 -> 29527.418 | L20: ='proyección hogares'!H52*'provincia (%)'!K62 -> 30245.699 | M20: ='proyección hogares'!G52*'provincia (%)'!K62 -> 30926.643 | N20: ='proyección hogares'!F52*'provincia (%)'!K62 -> 31589.106 | O20: ='proyección hogares'!E52*'provincia (%)'!K62 -> 32244.969 | P20: ='proyección hogares'!D52*'provincia (%)'!K62 -> 32882.729 | Q20: ='proyección hogares'!C52*'provincia (%)'!K62 -> 33516.718 | R20: ='proyección hogares'!B52*'provincia (%)'!K62 -> 34113.368
B21: Mujer | C21: ='proyección hogares'!Q52*'provincia (%)'!K63 -> 56713.116 | D21: ='proyección hogares'!P52*'provincia (%)'!K63 -> 58884.184 | E21: ='proyección hogares'!O52*'provincia (%)'!K63 -> 61047.339 | F21: ='proyección hogares'!N52*'provincia (%)'!K63 -> 63160.687 | G21: ='proyección hogares'!M52*'provincia (%)'!K63 -> 65238.656 | H21: ='proyección hogares'!L52*'provincia (%)'!K63 -> 67314.298 | I21: ='proyección hogares'!K52*'provincia (%)'!K63 -> 69254.481 | J21: ='proyección hogares'!J52*'provincia (%)'!K63 -> 71097.376 | K21: ='proyección hogares'!I52*'provincia (%)'!K63 -> 72888.135 | L21: ='proyección hogares'!H52*'provincia (%)'!K63 -> 74661.206 | M21: ='proyección hogares'!G52*'provincia (%)'!K63 -> 76342.108 | N21: ='proyección hogares'!F52*'provincia (%)'!K63 -> 77977.392 | O21: ='proyección hogares'!E52*'provincia (%)'!K63 -> 79596.383 | P21: ='proyección hogares'!D52*'provincia (%)'!K63 -> 81170.688 | Q21: ='proyección hogares'!C52*'provincia (%)'!K63 -> 82735.682 | R21: ='proyección hogares'!B52*'provincia (%)'!K63 -> 84208.508
A22: Sevilla | B22: Ambos Sexos | C22: ='proyección hogares'!Q59*'provincia (%)'!K177 -> 64126.14 | D22: ='proyección hogares'!P59*'provincia (%)'!K177 -> 66490.612 | E22: ='proyección hogares'!O59*'provincia (%)'!K177 -> 68862.123 | F22: ='proyección hogares'!N59*'provincia (%)'!K177 -> 71124.189 | G22: ='proyección hogares'!M59*'provincia (%)'!K177 -> 73419.687 | H22: ='proyección hogares'!L59*'provincia (%)'!K177 -> 75728.206 | I22: ='proyección hogares'!K59*'provincia (%)'!K177 -> 77901.943 | J22: ='proyección hogares'!J59*'provincia (%)'!K177 -> 79946.882 | K22: ='proyección hogares'!I59*'provincia (%)'!K177 -> 81997.452 | L22: ='proyección hogares'!H59*'provincia (%)'!K177 -> 84015.646 | M22: ='proyección hogares'!G59*'provincia (%)'!K177 -> 85955.365 | N22: ='proyección hogares'!F59*'provincia (%)'!K177 -> 87862.004 | O22: ='proyección hogares'!E59*'provincia (%)'!K177 -> 89747.529 | P22: ='proyección hogares'!D59*'provincia (%)'!K177 -> 91584.138 | Q22: ='proyección hogares'!C59*'provincia (%)'!K177 -> 93413.358 | R22: ='proyección hogares'!B59*'provincia (%)'!K177 -> 95166.213
B23: Hombre | C23: ='proyección hogares'!Q59*'provincia (%)'!K178 -> 32843.12 | D23: ='proyección hogares'!P59*'provincia (%)'!K178 -> 34054.118 | E23: ='proyección hogares'!O59*'provincia (%)'!K178 -> 35268.721 | F23: ='proyección hogares'!N59*'provincia (%)'!K178 -> 36427.271 | G23: ='proyección hogares'!M59*'provincia (%)'!K178 -> 37602.943 | H23: ='proyección hogares'!L59*'provincia (%)'!K178 -> 38785.284 | I23: ='proyección hogares'!K59*'provincia (%)'!K178 -> 39898.595 | J23: ='proyección hogares'!J59*'provincia (%)'!K178 -> 40945.939 | K23: ='proyección hogares'!I59*'provincia (%)'!K178 -> 41996.168 | L23: ='proyección hogares'!H59*'provincia (%)'!K178 -> 43029.815 | M23: ='proyección hogares'!G59*'provincia (%)'!K178 -> 44023.27 | N23: ='proyección hogares'!F59*'provincia (%)'!K178 -> 44999.782 | O23: ='proyección hogares'!E59*'provincia (%)'!K178 -> 45965.481 | P23: ='proyección hogares'!D59*'provincia (%)'!K178 -> 46906.127 | Q23: ='proyección hogares'!C59*'provincia (%)'!K178 -> 47842.987 | R23: ='proyección hogares'!B59*'provincia (%)'!K178 -> 48740.737
B24: Mujer | C24: ='proyección hogares'!Q59*'provincia (%)'!K179 -> 89697.985 | D24: ='proyección hogares'!P59*'provincia (%)'!K179 -> 93005.347 | E24: ='proyección hogares'!O59*'provincia (%)'!K179 -> 96322.554 | F24: ='proyección hogares'!N59*'provincia (%)'!K179 -> 99486.674 | G24: ='proyección hogares'!M59*'provincia (%)'!K179 -> 102697.56 | H24: ='proyección hogares'!L59*'provincia (%)'!K179 -> 105926.65 | I24: ='proyección hogares'!K59*'provincia (%)'!K179 -> 108967.22 | J24: ='proyección hogares'!J59*'provincia (%)'!K179 -> 111827.63 | K24: ='proyección hogares'!I59*'provincia (%)'!K179 -> 114695.91 | L24: ='proyección hogares'!H59*'provincia (%)'!K179 -> 117518.91 | M24: ='proyección hogares'!G59*'provincia (%)'!K179 -> 120232.14 | N24: ='proyección hogares'!F59*'provincia (%)'!K179 -> 122899.1 | O24: ='proyección hogares'!E59*'provincia (%)'!K179 -> 125536.52 | P24: ='proyección hogares'!D59*'provincia (%)'!K179 -> 128105.52 | Q24: ='proyección hogares'!C59*'provincia (%)'!K179 -> 130664.19 | R24: ='proyección hogares'!B59*'provincia (%)'!K179 -> 133116.04
A25: Granada | B25: Ambos Sexos | C25: ='proyección hogares'!Q66*'provincia (%)'!K97 -> 38474.052 | D25: ='proyección hogares'!P66*'provincia (%)'!K97 -> 39857.118 | E25: ='proyección hogares'!O66*'provincia (%)'!K97 -> 41251.346 | F25: ='proyección hogares'!N66*'provincia (%)'!K97 -> 42609.791 | G25: ='proyección hogares'!M66*'provincia (%)'!K97 -> 43956.417 | H25: ='proyección hogares'!L66*'provincia (%)'!K97 -> 45281.376 | I25: ='proyección hogares'!K66*'provincia (%)'!K97 -> 46503.254 | J25: ='proyección hogares'!J66*'provincia (%)'!K97 -> 47657.177 | K25: ='proyección hogares'!I66*'provincia (%)'!K97 -> 48788.776 | L25: ='proyección hogares'!H66*'provincia (%)'!K97 -> 49881.31 | M25: ='proyección hogares'!G66*'provincia (%)'!K97 -> 50927.555 | N25: ='proyección hogares'!F66*'provincia (%)'!K97 -> 51963.295 | O25: ='proyección hogares'!E66*'provincia (%)'!K97 -> 52979.667 | P25: ='proyección hogares'!D66*'provincia (%)'!K97 -> 53989.144 | Q25: ='proyección hogares'!C66*'provincia (%)'!K97 -> 54963.166 | R25: ='proyección hogares'!B66*'provincia (%)'!K97 -> 55910.269
B26: Hombre | C26: ='proyección hogares'!Q66*'provincia (%)'!K98 -> 17984.81 | D26: ='proyección hogares'!P66*'provincia (%)'!K98 -> 18631.328 | E26: ='proyección hogares'!O66*'provincia (%)'!K98 -> 19283.064 | F26: ='proyección hogares'!N66*'provincia (%)'!K98 -> 19918.073 | G26: ='proyección hogares'!M66*'provincia (%)'!K98 -> 20547.557 | H26: ='proyección hogares'!L66*'provincia (%)'!K98 -> 21166.914 | I26: ='proyección hogares'!K66*'provincia (%)'!K98 -> 21738.084 | J26: ='proyección hogares'!J66*'provincia (%)'!K98 -> 22277.489 | K26: ='proyección hogares'!I66*'provincia (%)'!K98 -> 22806.458 | L26: ='proyección hogares'!H66*'provincia (%)'!K98 -> 23317.166 | M26: ='proyección hogares'!G66*'provincia (%)'!K98 -> 23806.237 | N26: ='proyección hogares'!F66*'provincia (%)'!K98 -> 24290.396 | O26: ='proyección hogares'!E66*'provincia (%)'!K98 -> 24765.502 | P26: ='proyección hogares'!D66*'provincia (%)'!K98 -> 25237.385 | Q26: ='proyección hogares'!C66*'provincia (%)'!K98 -> 25692.695 | R26: ='proyección hogares'!B66*'provincia (%)'!K98 -> 26135.421
B27: Mujer | C27: ='proyección hogares'!Q66*'provincia (%)'!K99 -> 58197.986 | D27: ='proyección hogares'!P66*'provincia (%)'!K99 -> 60290.088 | E27: ='proyección hogares'!O66*'provincia (%)'!K99 -> 62399.074 | F27: ='proyección hogares'!N66*'provincia (%)'!K99 -> 64453.933 | G27: ='proyección hogares'!M66*'provincia (%)'!K99 -> 66490.914 | H27: ='proyección hogares'!L66*'provincia (%)'!K99 -> 68495.121 | I27: ='proyección hogares'!K66*'provincia (%)'!K99 -> 70343.402 | J27: ='proyección hogares'!J66*'provincia (%)'!K99 -> 72088.889 | K27: ='proyección hogares'!I66*'provincia (%)'!K99 -> 73800.609 | L27: ='proyección hogares'!H66*'provincia (%)'!K99 -> 75453.236 | M27: ='proyección hogares'!G66*'provincia (%)'!K99 -> 77035.845 | N27: ='proyección hogares'!F66*'provincia (%)'!K99 -> 78602.563 | O27: ='proyección hogares'!E66*'provincia (%)'!K99 -> 80139.982 | P27: ='proyección hogares'!D66*'provincia (%)'!K99 -> 81666.974 | Q27: ='proyección hogares'!C66*'provincia (%)'!K99 -> 83140.334 | R27: ='proyección hogares'!B66*'provincia (%)'!K99 -> 84572.975
A28: Córdoba | B28: Ambos Sexos | C28: ='proyección hogares'!Q73*'provincia (%)'!K77 -> 32066.238 | D28: ='proyección hogares'!P73*'provincia (%)'!K77 -> 33144.036 | E28: ='proyección hogares'!O73*'provincia (%)'!K77 -> 34186.866 | F28: ='proyección hogares'!N73*'provincia (%)'!K77 -> 35160.536 | G28: ='proyección hogares'!M73*'provincia (%)'!K77 -> 36160.238 | H28: ='proyección hogares'!L73*'provincia (%)'!K77 -> 37159.164 | I28: ='proyección hogares'!K73*'provincia (%)'!K77 -> 38078.051 | J28: ='proyección hogares'!J73*'provincia (%)'!K77 -> 38899.026 | K28: ='proyección hogares'!I73*'provincia (%)'!K77 -> 39728.55 | L28: ='proyección hogares'!H73*'provincia (%)'!K77 -> 40559.628 | M28: ='proyección hogares'!G73*'provincia (%)'!K77 -> 41350.298 | N28: ='proyección hogares'!F73*'provincia (%)'!K77 -> 42118.822 | O28: ='proyección hogares'!E73*'provincia (%)'!K77 -> 42866.753 | P28: ='proyección hogares'!D73*'provincia (%)'!K77 -> 43608.856 | Q28: ='proyección hogares'!C73*'provincia (%)'!K77 -> 44332.309 | R28: ='proyección hogares'!B73*'provincia (%)'!K77 -> 45028.954
B29: Hombre | C29: ='proyección hogares'!Q73*'provincia (%)'!K78 -> 16284.48 | D29: ='proyección hogares'!P73*'provincia (%)'!K78 -> 16831.828 | E29: ='proyección hogares'!O73*'provincia (%)'!K78 -> 17361.417 | F29: ='proyección hogares'!N73*'provincia (%)'!K78 -> 17855.885 | G29: ='proyección hogares'!M73*'provincia (%)'!K78 -> 18363.573 | H29: ='proyección hogares'!L73*'provincia (%)'!K78 -> 18870.866 | I29: ='proyección hogares'!K73*'provincia (%)'!K78 -> 19337.512 | J29: ='proyección hogares'!J73*'provincia (%)'!K78 -> 19754.435 | K29: ='proyección hogares'!I73*'provincia (%)'!K78 -> 20175.7 | L29: ='proyección hogares'!H73*'provincia (%)'!K78 -> 20597.753 | M29: ='proyección hogares'!G73*'provincia (%)'!K78 -> 20999.286 | N29: ='proyección hogares'!F73*'provincia (%)'!K78 -> 21389.572 | O29: ='proyección hogares'!E73*'provincia (%)'!K78 -> 21769.401 | P29: ='proyección hogares'!D73*'provincia (%)'!K78 -> 22146.27 | Q29: ='proyección hogares'!C73*'provincia (%)'!K78 -> 22513.667 | R29: ='proyección hogares'!B73*'provincia (%)'!K78 -> 22867.45
B30: Mujer | C30: ='proyección hogares'!Q73*'provincia (%)'!K79 -> 46248.796 | D30: ='proyección hogares'!P73*'provincia (%)'!K79 -> 47803.292 | E30: ='proyección hogares'!O73*'provincia (%)'!K79 -> 49307.355 | F30: ='proyección hogares'!N73*'provincia (%)'!K79 -> 50711.669 | G30: ='proyección hogares'!M73*'provincia (%)'!K79 -> 52153.529 | H30: ='proyección hogares'!L73*'provincia (%)'!K79 -> 53594.269 | I30: ='proyección hogares'!K73*'provincia (%)'!K79 -> 54919.569 | J30: ='proyección hogares'!J73*'provincia (%)'!K79 -> 56103.654 | K30: ='proyección hogares'!I73*'provincia (%)'!K79 -> 57300.068 | L30: ='proyección hogares'!H73*'provincia (%)'!K79 -> 58498.722 | M30: ='proyección hogares'!G73*'provincia (%)'!K79 -> 59639.097 | N30: ='proyección hogares'!F73*'provincia (%)'!K79 -> 60747.531 | O30: ='proyección hogares'!E73*'provincia (%)'!K79 -> 61826.264 | P30: ='proyección hogares'!D73*'provincia (%)'!K79 -> 62896.592 | Q30: ='proyección hogares'!C73*'provincia (%)'!K79 -> 63940.021 | R30: ='proyección hogares'!B73*'provincia (%)'!K79 -> 64944.784
A31: Zaragoza | B31: Ambos Sexos | C31: ='proyección hogares'!Q87*'provincia (%)'!K209 -> 47697.022 | D31: ='proyección hogares'!P87*'provincia (%)'!K209 -> 49266.227 | E31: ='proyección hogares'!O87*'provincia (%)'!K209 -> 50858.627 | F31: ='proyección hogares'!N87*'provincia (%)'!K209 -> 52444.456 | G31: ='proyección hogares'!M87*'provincia (%)'!K209 -> 54026.032 | H31: ='proyección hogares'!L87*'provincia (%)'!K209 -> 55616.5 | I31: ='proyección hogares'!K87*'provincia (%)'!K209 -> 57116.89 | J31: ='proyección hogares'!J87*'provincia (%)'!K209 -> 58576.301 | K31: ='proyección hogares'!I87*'provincia (%)'!K209 -> 60001.691 | L31: ='proyección hogares'!H87*'provincia (%)'!K209 -> 61426.307 | M31: ='proyección hogares'!G87*'provincia (%)'!K209 -> 62783.27 | N31: ='proyección hogares'!F87*'provincia (%)'!K209 -> 64127.474 | O31: ='proyección hogares'!E87*'provincia (%)'!K209 -> 65475.157 | P31: ='proyección hogares'!D87*'provincia (%)'!K209 -> 66795.779 | Q31: ='proyección hogares'!C87*'provincia (%)'!K209 -> 68100.164 | R31: ='proyección hogares'!B87*'provincia (%)'!K209 -> 69347.718
B32: Hombre | C32: ='proyección hogares'!Q87*'provincia (%)'!K210 -> 30384.412 | D32: ='proyección hogares'!P87*'provincia (%)'!K210 -> 31384.041 | E32: ='proyección hogares'!O87*'provincia (%)'!K210 -> 32398.448 | F32: ='proyección hogares'!N87*'provincia (%)'!K210 -> 33408.667 | G32: ='proyección hogares'!M87*'provincia (%)'!K210 -> 34416.178 | H32: ='proyección hogares'!L87*'provincia (%)'!K210 -> 35429.353 | I32: ='proyección hogares'!K87*'provincia (%)'!K210 -> 36385.146 | J32: ='proyección hogares'!J87*'provincia (%)'!K210 -> 37314.834 | K32: ='proyección hogares'!I87*'provincia (%)'!K210 -> 38222.849 | L32: ='proyección hogares'!H87*'provincia (%)'!K210 -> 39130.372 | M32: ='proyección hogares'!G87*'provincia (%)'!K210 -> 39994.797 | N32: ='proyección hogares'!F87*'provincia (%)'!K210 -> 40851.095 | O32: ='proyección hogares'!E87*'provincia (%)'!K210 -> 41709.609 | P32: ='proyección hogares'!D87*'provincia (%)'!K210 -> 42550.884 | Q32: ='proyección hogares'!C87*'provincia (%)'!K210 -> 43381.816 | R32: ='proyección hogares'!B87*'provincia (%)'!K210 -> 44176.545
B33: Mujer | C33: ='proyección hogares'!Q87*'provincia (%)'!K211 -> 60260.806 | D33: ='proyección hogares'!P87*'provincia (%)'!K211 -> 62243.352 | E33: ='proyección hogares'!O87*'provincia (%)'!K211 -> 64255.204 | F33: ='proyección hogares'!N87*'provincia (%)'!K211 -> 66258.753 | G33: ='proyección hogares'!M87*'provincia (%)'!K211 -> 68256.929 | H33: ='proyección hogares'!L87*'provincia (%)'!K211 -> 70266.338 | I33: ='proyección hogares'!K87*'provincia (%)'!K211 -> 72161.944 | J33: ='proyección hogares'!J87*'provincia (%)'!K211 -> 74005.775 | K33: ='proyección hogares'!I87*'provincia (%)'!K211 -> 75806.624 | L33: ='proyección hogares'!H87*'provincia (%)'!K211 -> 77606.497 | M33: ='proyección hogares'!G87*'provincia (%)'!K211 -> 79320.894 | N33: ='proyección hogares'!F87*'provincia (%)'!K211 -> 81019.172 | O33: ='proyección hogares'!E87*'provincia (%)'!K211 -> 82721.847 | P33: ='proyección hogares'!D87*'provincia (%)'!K211 -> 84390.331 | Q33: ='proyección hogares'!C87*'provincia (%)'!K211 -> 86038.301 | R33: ='proyección hogares'!B87*'provincia (%)'!K211 -> 87614.472
A34: Teruel | B34: Ambos Sexos | C34: ='proyección hogares'!Q94*'provincia (%)'!K189 -> 7456.6152 | D34: ='proyección hogares'!P94*'provincia (%)'!K189 -> 7689.7736 | E34: ='proyección hogares'!O94*'provincia (%)'!K189 -> 7916.8601 | F34: ='proyección hogares'!N94*'provincia (%)'!K189 -> 8138.2796 | G34: ='proyección hogares'!M94*'provincia (%)'!K189 -> 8367.7949 | H34: ='proyección hogares'!L94*'provincia (%)'!K189 -> 8590.0239 | I34: ='proyección hogares'!K94*'provincia (%)'!K189 -> 8804.562 | J34: ='proyección hogares'!J94*'provincia (%)'!K189 -> 9014.2426 | K34: ='proyección hogares'!I94*'provincia (%)'!K189 -> 9216.2323 | L34: ='proyección hogares'!H94*'provincia (%)'!K189 -> 9418.6267 | M34: ='proyección hogares'!G94*'provincia (%)'!K189 -> 9620.2115 | N34: ='proyección hogares'!F94*'provincia (%)'!K189 -> 9805.2 | O34: ='proyección hogares'!E94*'provincia (%)'!K189 -> 9996.2604 | P34: ='proyección hogares'!D94*'provincia (%)'!K189 -> 10181.654 | Q34: ='proyección hogares'!C94*'provincia (%)'!K189 -> 10371.5 | R34: ='proyección hogares'!B94*'provincia (%)'!K189 -> 10548.392
B35: Hombre | C35: ='proyección hogares'!Q94*'provincia (%)'!K190 -> 4996.4153 | D35: ='proyección hogares'!P94*'provincia (%)'!K190 -> 5152.6466 | E35: ='proyección hogares'!O94*'provincia (%)'!K190 -> 5304.8093 | F35: ='proyección hogares'!N94*'provincia (%)'!K190 -> 5453.1747 | G35: ='proyección hogares'!M94*'provincia (%)'!K190 -> 5606.9648 | H35: ='proyección hogares'!L94*'provincia (%)'!K190 -> 5755.8726 | I35: ='proyección hogares'!K94*'provincia (%)'!K190 -> 5899.6271 | J35: ='proyección hogares'!J94*'provincia (%)'!K190 -> 6040.1267 | K35: ='proyección hogares'!I94*'provincia (%)'!K190 -> 6175.4728 | L35: ='proyección hogares'!H94*'provincia (%)'!K190 -> 6311.0902 | M35: ='proyección hogares'!G94*'provincia (%)'!K190 -> 6446.1651 | N35: ='proyección hogares'!F94*'provincia (%)'!K190 -> 6570.1194 | O35: ='proyección hogares'!E94*'provincia (%)'!K190 -> 6698.1422 | P35: ='proyección hogares'!D94*'provincia (%)'!K190 -> 6822.3677 | Q35: ='proyección hogares'!C94*'provincia (%)'!K190 -> 6949.5768 | R35: ='proyección hogares'!B94*'provincia (%)'!K190 -> 7068.1064
B36: Mujer | C36: ='proyección hogares'!Q94*'provincia (%)'!K191 -> 10475.799 | D36: ='proyección hogares'!P94*'provincia (%)'!K191 -> 10803.363 | E36: ='proyección hogares'!O94*'provincia (%)'!K191 -> 11122.397 | F36: ='proyección hogares'!N94*'provincia (%)'!K191 -> 11433.469 | G36: ='proyección hogares'!M94*'provincia (%)'!K191 -> 11755.915 | H36: ='proyección hogares'!L94*'provincia (%)'!K191 -> 12068.125 | I36: ='proyección hogares'!K94*'provincia (%)'!K191 -> 12369.53 | J36: ='proyección hogares'!J94*'provincia (%)'!K191 -> 12664.11 | K36: ='proyección hogares'!I94*'provincia (%)'!K191 -> 12947.885 | L36: ='proyección hogares'!H94*'provincia (%)'!K191 -> 13232.229 | M36: ='proyección hogares'!G94*'provincia (%)'!K191 -> 13515.436 | N36: ='proyección hogares'!F94*'provincia (%)'!K191 -> 13775.326 | O36: ='proyección hogares'!E94*'provincia (%)'!K191 -> 14043.747 | P36: ='proyección hogares'!D94*'provincia (%)'!K191 -> 14304.206 | Q36: ='proyección hogares'!C94*'provincia (%)'!K191 -> 14570.92 | R36: ='proyección hogares'!B94*'provincia (%)'!K191 -> 14819.437
A37: Huesca | B37: Ambos Sexos | C37: ='proyección hogares'!Q101*'provincia (%)'!K109 -> 10775.051 | D37: ='proyección hogares'!P101*'provincia (%)'!K109 -> 11131.402 | E37: ='proyección hogares'!O101*'provincia (%)'!K109 -> 11489.939 | F37: ='proyección hogares'!N101*'provincia (%)'!K109 -> 11840.459 | G37: ='proyección hogares'!M101*'provincia (%)'!K109 -> 12184.786 | H37: ='proyección hogares'!L101*'provincia (%)'!K109 -> 12538.222 | I37: ='proyección hogares'!K101*'provincia (%)'!K109 -> 12875.989 | J37: ='proyección hogares'!J101*'provincia (%)'!K109 -> 13195.539 | K37: ='proyección hogares'!I101*'provincia (%)'!K109 -> 13511.445 | L37: ='proyección hogares'!H101*'provincia (%)'!K109 -> 13826.987 | M37: ='proyección hogares'!G101*'provincia (%)'!K109 -> 14135.605 | N37: ='proyección hogares'!F101*'provincia (%)'!K109 -> 14433.293 | O37: ='proyección hogares'!E101*'provincia (%)'!K109 -> 14736.81 | P37: ='proyección hogares'!D101*'provincia (%)'!K109 -> 15030.49 | Q37: ='proyección hogares'!C101*'provincia (%)'!K109 -> 15324.169 | R37: ='proyección hogares'!B101*'provincia (%)'!K109 -> 15604.003
B38: Hombre | C38: ='proyección hogares'!Q101*'provincia (%)'!K110 -> 6391.8203 | D38: ='proyección hogares'!P101*'provincia (%)'!K110 -> 6603.2095 | E38: ='proyección hogares'!O101*'provincia (%)'!K110 -> 6815.8955 | F38: ='proyección hogares'!N101*'provincia (%)'!K110 -> 7023.8263 | G38: ='proyección hogares'!M101*'provincia (%)'!K110 -> 7228.0827 | H38: ='proyección hogares'!L101*'provincia (%)'!K110 -> 7437.7427 | I38: ='proyección hogares'!K101*'provincia (%)'!K110 -> 7638.1085 | J38: ='proyección hogares'!J101*'provincia (%)'!K110 -> 7827.6671 | K38: ='proyección hogares'!I101*'provincia (%)'!K110 -> 8015.0643 | L38: ='proyección hogares'!H101*'provincia (%)'!K110 -> 8202.2453 | M38: ='proyección hogares'!G101*'provincia (%)'!K110 -> 8385.3195 | N38: ='proyección hogares'!F101*'provincia (%)'!K110 -> 8561.9094 | O38: ='proyección hogares'!E101*'provincia (%)'!K110 -> 8741.9577 | P38: ='proyección hogares'!D101*'provincia (%)'!K110 -> 8916.17 | Q38: ='proyección hogares'!C101*'provincia (%)'!K110 -> 9090.3823 | R38: ='proyección hogares'!B101*'provincia (%)'!K110 -> 9256.3812
B39: Mujer | C39: ='proyección hogares'!Q101*'provincia (%)'!K111 -> 16201.023 | D39: ='proyección hogares'!P101*'provincia (%)'!K111 -> 16736.82 | E39: ='proyección hogares'!O101*'provincia (%)'!K111 -> 17275.905 | F39: ='proyección hogares'!N101*'provincia (%)'!K111 -> 17802.936 | G39: ='proyección hogares'!M101*'provincia (%)'!K111 -> 18320.655 | H39: ='proyección hogares'!L101*'provincia (%)'!K111 -> 18852.069 | I39: ='proyección hogares'!K101*'provincia (%)'!K111 -> 19359.926 | J39: ='proyección hogares'!J101*'provincia (%)'!K111 -> 19840.391 | K39: ='proyección hogares'!I101*'provincia (%)'!K111 -> 20315.377 | L39: ='proyección hogares'!H101*'provincia (%)'!K111 -> 20789.815 | M39: ='proyección hogares'!G101*'provincia (%)'!K111 -> 21253.844 | N39: ='proyección hogares'!F101*'provincia (%)'!K111 -> 21701.438 | O39: ='proyección hogares'!E101*'provincia (%)'!K111 -> 22157.797 | P39: ='proyección hogares'!D101*'provincia (%)'!K111 -> 22599.364 | Q39: ='proyección hogares'!C101*'provincia (%)'!K111 -> 23040.931 | R39: ='proyección hogares'!B101*'provincia (%)'!K111 -> 23461.68
A40: Asturias | B40: Ambos Sexos | C40: ='proyección hogares'!Q115*'provincia (%)'!K29 -> 59854.576 | D40: ='proyección hogares'!P115*'provincia (%)'!K29 -> 61035.45 | E40: ='proyección hogares'!O115*'provincia (%)'!K29 -> 62230.332 | F40: ='proyección hogares'!N115*'provincia (%)'!K29 -> 63401.479 | G40: ='proyección hogares'!M115*'provincia (%)'!K29 -> 64545.001 | H40: ='proyección hogares'!L115*'provincia (%)'!K29 -> 65676.851 | I40: ='proyección hogares'!K115*'provincia (%)'!K29 -> 66760.065 | J40: ='proyección hogares'!J115*'provincia (%)'!K29 -> 67766.24 | K40: ='proyección hogares'!I115*'provincia (%)'!K29 -> 68753.35 | L40: ='proyección hogares'!H115*'provincia (%)'!K29 -> 69737.347 | M40: ='proyección hogares'!G115*'provincia (%)'!K29 -> 70638.469 | N40: ='proyección hogares'!F115*'provincia (%)'!K29 -> 71517.413 | O40: ='proyección hogares'!E115*'provincia (%)'!K29 -> 72380.405 | P40: ='proyección hogares'!D115*'provincia (%)'!K29 -> 73217.328 | Q40: ='proyección hogares'!C115*'provincia (%)'!K29 -> 74013.397 | R40: ='proyección hogares'!B115*'provincia (%)'!K29 -> 74739.041
B41: Hombre | C41: ='proyección hogares'!Q115*'provincia (%)'!K30 -> 32903.555 | D41: ='proyección hogares'!P115*'provincia (%)'!K30 -> 33552.711 | E41: ='proyección hogares'!O115*'provincia (%)'!K30 -> 34209.567 | F41: ='proyección hogares'!N115*'provincia (%)'!K30 -> 34853.376 | G41: ='proyección hogares'!M115*'provincia (%)'!K30 -> 35481.999 | H41: ='proyección hogares'!L115*'provincia (%)'!K30 -> 36104.205 | I41: ='proyección hogares'!K115*'provincia (%)'!K30 -> 36699.675 | J41: ='proyección hogares'!J115*'provincia (%)'!K30 -> 37252.794 | K41: ='proyección hogares'!I115*'provincia (%)'!K30 -> 37795.433 | L41: ='proyección hogares'!H115*'provincia (%)'!K30 -> 38336.361 | M41: ='proyección hogares'!G115*'provincia (%)'!K30 -> 38831.73 | N41: ='proyección hogares'!F115*'provincia (%)'!K30 -> 39314.908 | O41: ='proyección hogares'!E115*'provincia (%)'!K30 -> 39789.316 | P41: ='proyección hogares'!D115*'provincia (%)'!K30 -> 40249.393 | Q41: ='proyección hogares'!C115*'provincia (%)'!K30 -> 40687.012 | R41: ='proyección hogares'!B115*'provincia (%)'!K30 -> 41085.917
B42: Mujer | C42: ='proyección hogares'!Q115*'provincia (%)'!K31 -> 80721.061 | D42: ='proyección hogares'!P115*'provincia (%)'!K31 -> 82313.611 | E42: ='proyección hogares'!O115*'provincia (%)'!K31 -> 83925.052 | F42: ='proyección hogares'!N115*'provincia (%)'!K31 -> 85504.484 | G42: ='proyección hogares'!M115*'provincia (%)'!K31 -> 87046.661 | H42: ='proyección hogares'!L115*'provincia (%)'!K31 -> 88573.096 | I42: ='proyección hogares'!K115*'provincia (%)'!K31 -> 90033.94 | J42: ='proyección hogares'!J115*'provincia (%)'!K31 -> 91390.887 | K42: ='proyección hogares'!I115*'provincia (%)'!K31 -> 92722.123 | L42: ='proyección hogares'!H115*'provincia (%)'!K31 -> 94049.161 | M42: ='proyección hogares'!G115*'provincia (%)'!K31 -> 95264.432 | N42: ='proyección hogares'!F115*'provincia (%)'!K31 -> 96449.793 | O42: ='proyección hogares'!E115*'provincia (%)'!K31 -> 97613.641 | P42: ='proyección hogares'!D115*'provincia (%)'!K31 -> 98742.331 | Q42: ='proyección hogares'!C115*'provincia (%)'!K31 -> 99815.925 | R42: ='proyección hogares'!B115*'provincia (%)'!K31 -> 100794.54
A43: Santa Cruz de Tenerife | B43: Ambos Sexos | C43: ='proyección hogares'!Q143*'provincia (%)'!K169 -> 28586.019 | D43: ='proyección hogares'!P143*'provincia (%)'!K169 -> 29472.538 | E43: ='proyección hogares'!O143*'provincia (%)'!K169 -> 30348.35 | F43: ='proyección hogares'!N143*'provincia (%)'!K169 -> 31190.543 | G43: ='proyección hogares'!M143*'provincia (%)'!K169 -> 31996.877 | H43: ='proyección hogares'!L143*'provincia (%)'!K169 -> 32765.858 | I43: ='proyección hogares'!K143*'provincia (%)'!K169 -> 33478.809 | J43: ='proyección hogares'!J143*'provincia (%)'!K169 -> 34144.446 | K43: ='proyección hogares'!I143*'provincia (%)'!K169 -> 34780.2 | L43: ='proyección hogares'!H143*'provincia (%)'!K169 -> 35387.067 | M43: ='proyección hogares'!G143*'provincia (%)'!K169 -> 35963.056 | N43: ='proyección hogares'!F143*'provincia (%)'!K169 -> 36528.834 | O43: ='proyección hogares'!E143*'provincia (%)'!K169 -> 37077.182 | P43: ='proyección hogares'!D143*'provincia (%)'!K169 -> 37612.331 | Q43: ='proyección hogares'!C143*'provincia (%)'!K169 -> 38125.815 | R43: ='proyección hogares'!B143*'provincia (%)'!K169 -> 38615.143
B44: Hombre | C44: ='proyección hogares'!Q143*'provincia (%)'!K170 -> 16906.34 | D44: ='proyección hogares'!P143*'provincia (%)'!K170 -> 17430.645 | E44: ='proyección hogares'!O143*'provincia (%)'!K170 -> 17948.617 | F44: ='proyección hogares'!N143*'provincia (%)'!K170 -> 18446.707 | G44: ='proyección hogares'!M143*'provincia (%)'!K170 -> 18923.59 | H44: ='proyección hogares'!L143*'provincia (%)'!K170 -> 19378.38 | I44: ='proyección hogares'!K143*'provincia (%)'!K170 -> 19800.034 | J44: ='proyección hogares'!J143*'provincia (%)'!K170 -> 20193.704 | K44: ='proyección hogares'!I143*'provincia (%)'!K170 -> 20569.702 | L44: ='proyección hogares'!H143*'provincia (%)'!K170 -> 20928.615 | M44: ='proyección hogares'!G143*'provincia (%)'!K170 -> 21269.266 | N44: ='proyección hogares'!F143*'provincia (%)'!K170 -> 21603.879 | O44: ='proyección hogares'!E143*'provincia (%)'!K170 -> 21928.183 | P44: ='proyección hogares'!D143*'provincia (%)'!K170 -> 22244.68 | Q44: ='proyección hogares'!C143*'provincia (%)'!K170 -> 22548.365 | R44: ='proyección hogares'!B143*'provincia (%)'!K170 -> 22837.764
B45: Mujer | C45: ='proyección hogares'!Q143*'provincia (%)'!K171 -> 42858.648 | D45: ='proyección hogares'!P143*'provincia (%)'!K171 -> 44187.795 | E45: ='proyección hogares'!O143*'provincia (%)'!K171 -> 45500.888 | F45: ='proyección hogares'!N143*'provincia (%)'!K171 -> 46763.577 | G45: ='proyección hogares'!M143*'provincia (%)'!K171 -> 47972.504 | H45: ='proyección hogares'!L143*'provincia (%)'!K171 -> 49125.427 | I45: ='proyección hogares'!K143*'provincia (%)'!K171 -> 50194.345 | J45: ='proyección hogares'!J143*'provincia (%)'!K171 -> 51192.325 | K45: ='proyección hogares'!I143*'provincia (%)'!K171 -> 52145.503 | L45: ='proyección hogares'!H143*'provincia (%)'!K171 -> 53055.372 | M45: ='proyección hogares'!G143*'provincia (%)'!K171 -> 53918.944 | N45: ='proyección hogares'!F143*'provincia (%)'!K171 -> 54767.209 | O45: ='proyección hogares'!E143*'provincia (%)'!K171 -> 55589.338 | P45: ='proyección hogares'!D143*'provincia (%)'!K171 -> 56391.68 | Q45: ='proyección hogares'!C143*'provincia (%)'!K171 -> 57161.54 | R45: ='proyección hogares'!B143*'provincia (%)'!K171 -> 57895.185
A46: Cantabria | B46: Ambos Sexos | C46: ='proyección hogares'!Q164*'provincia (%)'!K65 -> 25305.283 | D46: ='proyección hogares'!P164*'provincia (%)'!K65 -> 25911.745 | E46: ='proyección hogares'!O164*'provincia (%)'!K65 -> 26534.379 | F46: ='proyección hogares'!N164*'provincia (%)'!K65 -> 27151.622 | G46: ='proyección hogares'!M164*'provincia (%)'!K65 -> 27759.768 | H46: ='proyección hogares'!L164*'provincia (%)'!K65 -> 28374.99 | I46: ='proyección hogares'!K164*'provincia (%)'!K65 -> 28964.942 | J46: ='proyección hogares'!J164*'provincia (%)'!K65 -> 29543.102 | K46: ='proyección hogares'!I164*'provincia (%)'!K65 -> 30097.003 | L46: ='proyección hogares'!H164*'provincia (%)'!K65 -> 30647.536 | M46: ='proyección hogares'!G164*'provincia (%)'!K65 -> 31177.179 | N46: ='proyección hogares'!F164*'provincia (%)'!K65 -> 31687.617 | O46: ='proyección hogares'!E164*'provincia (%)'!K65 -> 32189.633 | P46: ='proyección hogares'!D164*'provincia (%)'!K65 -> 32688.953 | Q46: ='proyección hogares'!C164*'provincia (%)'!K65 -> 33177.154 | R46: ='proyección hogares'!B164*'provincia (%)'!K65 -> 33634.696
B47: Hombre | C47: ='proyección hogares'!Q164*'provincia (%)'!K66 -> 15290.552 | D47: ='proyección hogares'!P164*'provincia (%)'!K66 -> 15657.003 | E47: ='proyección hogares'!O164*'provincia (%)'!K66 -> 16033.225 | F47: ='proyección hogares'!N164*'provincia (%)'!K66 -> 16406.19 | G47: ='proyección hogares'!M164*'provincia (%)'!K66 -> 16773.659 | H47: ='proyección hogares'!L164*'provincia (%)'!K66 -> 17145.402 | I47: ='proyección hogares'!K164*'provincia (%)'!K66 -> 17501.877 | J47: ='proyección hogares'!J164*'provincia (%)'!K66 -> 17851.226 | K47: ='proyección hogares'!I164*'provincia (%)'!K66 -> 18185.918 | L47: ='proyección hogares'!H164*'provincia (%)'!K66 -> 18518.573 | M47: ='proyección hogares'!G164*'provincia (%)'!K66 -> 18838.607 | N47: ='proyección hogares'!F164*'provincia (%)'!K66 -> 19147.036 | O47: ='proyección hogares'!E164*'provincia (%)'!K66 -> 19450.376 | P47: ='proyección hogares'!D164*'provincia (%)'!K66 -> 19752.086 | Q47: ='proyección hogares'!C164*'provincia (%)'!K66 -> 20047.079 | R47: ='proyección hogares'!B164*'provincia (%)'!K66 -> 20323.546
B48: Mujer | C48: ='proyección hogares'!Q164*'provincia (%)'!K67 -> 34648.46 | D48: ='proyección hogares'!P164*'provincia (%)'!K67 -> 35478.839 | E48: ='proyección hogares'!O164*'provincia (%)'!K67 -> 36331.36 | F48: ='proyección hogares'!N164*'provincia (%)'!K67 -> 37176.501 | G48: ='proyección hogares'!M164*'provincia (%)'!K67 -> 38009.186 | H48: ='proyección hogares'!L164*'provincia (%)'!K67 -> 38851.559 | I48: ='proyección hogares'!K164*'provincia (%)'!K67 -> 39659.332 | J48: ='proyección hogares'!J164*'provincia (%)'!K67 -> 40450.96 | K48: ='proyección hogares'!I164*'provincia (%)'!K67 -> 41209.372 | L48: ='proyección hogares'!H164*'provincia (%)'!K67 -> 41963.171 | M48: ='proyección hogares'!G164*'provincia (%)'!K67 -> 42688.368 | N48: ='proyección hogares'!F164*'provincia (%)'!K67 -> 43387.27 | O48: ='proyección hogares'!E164*'provincia (%)'!K67 -> 44074.639 | P48: ='proyección hogares'!D164*'provincia (%)'!K67 -> 44758.317 | Q48: ='proyección hogares'!C164*'provincia (%)'!K67 -> 45426.772 | R48: ='proyección hogares'!B164*'provincia (%)'!K67 -> 46053.246
A49: Cantabria | B49: Ambos Sexos | C49: ='proyección hogares'!Q164*'provincia (%)'!K65 -> 25305.283 | D49: ='proyección hogares'!P164*'provincia (%)'!K65 -> 25911.745 | E49: ='proyección hogares'!O164*'provincia (%)'!K65 -> 26534.379 | F49: ='proyección hogares'!N164*'provincia (%)'!K65 -> 27151.622 | G49: ='proyección hogares'!M164*'provincia (%)'!K65 -> 27759.768 | H49: ='proyección hogares'!L164*'provincia (%)'!K65 -> 28374.99 | I49: ='proyección hogares'!K164*'provincia (%)'!K65 -> 28964.942 | J49: ='proyección hogares'!J164*'provincia (%)'!K65 -> 29543.102 | K49: ='proyección hogares'!I164*'provincia (%)'!K65 -> 30097.003 | L49: ='proyección hogares'!H164*'provincia (%)'!K65 -> 30647.536 | M49: ='proyección hogares'!G164*'provincia (%)'!K65 -> 31177.179 | N49: ='proyección hogares'!F164*'provincia (%)'!K65 -> 31687.617 | O49: ='proyección hogares'!E164*'provincia (%)'!K65 -> 32189.633 | P49: ='proyección hogares'!D164*'provincia (%)'!K65 -> 32688.953 | Q49: ='proyección hogares'!C164*'provincia (%)'!K65 -> 33177.154 | R49: ='proyección hogares'!B164*'provincia (%)'!K65 -> 33634.696
B50: Hombre | C50: ='proyección hogares'!Q164*'provincia (%)'!K66 -> 15290.552 | D50: ='proyección hogares'!P164*'provincia (%)'!K66 -> 15657.003 | E50: ='proyección hogares'!O164*'provincia (%)'!K66 -> 16033.225 | F50: ='proyección hogares'!N164*'provincia (%)'!K66 -> 16406.19 | G50: ='proyección hogares'!M164*'provincia (%)'!K66 -> 16773.659 | H50: ='proyección hogares'!L164*'provincia (%)'!K66 -> 17145.402 | I50: ='proyección hogares'!K164*'provincia (%)'!K66 -> 17501.877 | J50: ='proyección hogares'!J164*'provincia (%)'!K66 -> 17851.226 | K50: ='proyección hogares'!I164*'provincia (%)'!K66 -> 18185.918 | L50: ='proyección hogares'!H164*'provincia (%)'!K66 -> 18518.573 | M50: ='proyección hogares'!G164*'provincia (%)'!K66 -> 18838.607 | N50: ='proyección hogares'!F164*'provincia (%)'!K66 -> 19147.036 | O50: ='proyección hogares'!E164*'provincia (%)'!K66 -> 19450.376 | P50: ='proyección hogares'!D164*'provincia (%)'!K66 -> 19752.086 | Q50: ='proyección hogares'!C164*'provincia (%)'!K66 -> 20047.079 | R50: ='proyección hogares'!B164*'provincia (%)'!K66 -> 20323.546
B51: Mujer | C51: ='proyección hogares'!Q164*'provincia (%)'!K67 -> 34648.46 | D51: ='proyección hogares'!P164*'provincia (%)'!K67 -> 35478.839 | E51: ='proyección hogares'!O164*'provincia (%)'!K67 -> 36331.36 | F51: ='proyección hogares'!N164*'provincia (%)'!K67 -> 37176.501 | G51: ='proyección hogares'!M164*'provincia (%)'!K67 -> 38009.186 | H51: ='proyección hogares'!L164*'provincia (%)'!K67 -> 38851.559 | I51: ='proyección hogares'!K164*'provincia (%)'!K67 -> 39659.332 | J51: ='proyección hogares'!J164*'provincia (%)'!K67 -> 40450.96 | K51: ='proyección hogares'!I164*'provincia (%)'!K67 -> 41209.372 | L51: ='proyección hogares'!H164*'provincia (%)'!K67 -> 41963.171 | M51: ='proyección hogares'!G164*'provincia (%)'!K67 -> 42688.368 | N51: ='proyección hogares'!F164*'provincia (%)'!K67 -> 43387.27 | O51: ='proyección hogares'!E164*'provincia (%)'!K67 -> 44074.639 | P51: ='proyección hogares'!D164*'provincia (%)'!K67 -> 44758.317 | Q51: ='proyección hogares'!C164*'provincia (%)'!K67 -> 45426.772 | R51: ='proyección hogares'!B164*'provincia (%)'!K67 -> 46053.246
A52: Guadalajara | B52: Ambos Sexos | C52: ='proyección hogares'!Q178*'provincia (%)'!K101 -> 7414.9788 | D52: ='proyección hogares'!P178*'provincia (%)'!K101 -> 7669.9162 | E52: ='proyección hogares'!O178*'provincia (%)'!K101 -> 7927.5778 | F52: ='proyección hogares'!N178*'provincia (%)'!K101 -> 8189.3257 | G52: ='proyección hogares'!M178*'provincia (%)'!K101 -> 8447.8953 | H52: ='proyección hogares'!L178*'provincia (%)'!K101 -> 8710.5513 | I52: ='proyección hogares'!K178*'provincia (%)'!K101 -> 8962.3105 | J52: ='proyección hogares'!J178*'provincia (%)'!K101 -> 9213.3887 | K52: ='proyección hogares'!I178*'provincia (%)'!K101 -> 9454.0242 | L52: ='proyección hogares'!H178*'provincia (%)'!K101 -> 9694.4327 | M52: ='proyección hogares'!G178*'provincia (%)'!K101 -> 9928.4848 | N52: ='proyección hogares'!F178*'provincia (%)'!K101 -> 10160.721 | O52: ='proyección hogares'!E178*'provincia (%)'!K101 -> 10394.092 | P52: ='proyección hogares'!D178*'provincia (%)'!K101 -> 10628.144 | Q52: ='proyección hogares'!C178*'provincia (%)'!K101 -> 10853.796 | R52: ='proyección hogares'!B178*'provincia (%)'!K101 -> 11075.817
B53: Hombre | C53: ='proyección hogares'!Q178*'provincia (%)'!K102 -> 4402.387 | D53: ='proyección hogares'!P178*'provincia (%)'!K102 -> 4553.7473 | E53: ='proyección hogares'!O178*'provincia (%)'!K102 -> 4706.7249 | F53: ='proyección hogares'!N178*'provincia (%)'!K102 -> 4862.1287 | G53: ='proyección hogares'!M178*'provincia (%)'!K102 -> 5015.6455 | H53: ='proyección hogares'!L178*'provincia (%)'!K102 -> 5171.5883 | I53: ='proyección hogares'!K178*'provincia (%)'!K102 -> 5321.0617 | J53: ='proyección hogares'!J178*'provincia (%)'!K102 -> 5470.1306 | K53: ='proyección hogares'!I178*'provincia (%)'!K102 -> 5612.9996 | L53: ='proyección hogares'!H178*'provincia (%)'!K102 -> 5755.7339 | M53: ='proyección hogares'!G178*'provincia (%)'!K102 -> 5894.6942 | N53: ='proyección hogares'!F178*'provincia (%)'!K102 -> 6032.5762 | O53: ='proyección hogares'!E178*'provincia (%)'!K102 -> 6171.1322 | P53: ='proyección hogares'!D178*'provincia (%)'!K102 -> 6310.0925 | Q53: ='proyección hogares'!C178*'provincia (%)'!K102 -> 6444.0659 | R53: ='proyección hogares'!B178*'provincia (%)'!K102 -> 6575.8828
B54: Mujer | C54: ='proyección hogares'!Q178*'provincia (%)'!K103 -> 12245.026 | D54: ='proyección hogares'!P178*'provincia (%)'!K103 -> 12666.028 | E54: ='proyección hogares'!O178*'provincia (%)'!K103 -> 13091.528 | F54: ='proyección hogares'!N178*'provincia (%)'!K103 -> 13523.776 | G54: ='proyección hogares'!M178*'provincia (%)'!K103 -> 13950.775 | H54: ='proyección hogares'!L178*'provincia (%)'!K103 -> 14384.523 | I54: ='proyección hogares'!K178*'provincia (%)'!K103 -> 14800.275 | J54: ='proyección hogares'!J178*'provincia (%)'!K103 -> 15214.904 | K54: ='proyección hogares'!I178*'provincia (%)'!K103 -> 15612.287 | L54: ='proyección hogares'!H178*'provincia (%)'!K103 -> 16009.295 | M54: ='proyección hogares'!G178*'provincia (%)'!K103 -> 16395.806 | N54: ='proyección hogares'!F178*'provincia (%)'!K103 -> 16779.319 | O54: ='proyección hogares'!E178*'provincia (%)'!K103 -> 17164.706 | P54: ='proyección hogares'!D178*'provincia (%)'!K103 -> 17551.217 | Q54: ='proyección hogares'!C178*'provincia (%)'!K103 -> 17923.857 | R54: ='proyección hogares'!B178*'provincia (%)'!K103 -> 18290.5
A55: Ciudad Real | B55: Ambos Sexos | C55: ='proyección hogares'!Q185*'provincia (%)'!K73 -> 23456.848 | D55: ='proyección hogares'!P185*'provincia (%)'!K73 -> 24157.69 | E55: ='proyección hogares'!O185*'provincia (%)'!K73 -> 24850.811 | F55: ='proyección hogares'!N185*'provincia (%)'!K73 -> 25496.398 | G55: ='proyección hogares'!M185*'provincia (%)'!K73 -> 26170.83 | H55: ='proyección hogares'!L185*'provincia (%)'!K73 -> 26870.859 | I55: ='proyección hogares'!K185*'provincia (%)'!K73 -> 27516.039 | J55: ='proyección hogares'!J185*'provincia (%)'!K73 -> 28120.997 | K55: ='proyección hogares'!I185*'provincia (%)'!K73 -> 28693.452 | L55: ='proyección hogares'!H185*'provincia (%)'!K73 -> 29285.409 | M55: ='proyección hogares'!G185*'provincia (%)'!K73 -> 29842.832 | N55: ='proyección hogares'!F185*'provincia (%)'!K73 -> 30365.72 | O55: ='proyección hogares'!E185*'provincia (%)'!K73 -> 30886.983 | P55: ='proyección hogares'!D185*'provincia (%)'!K73 -> 31415.56 | Q55: ='proyección hogares'!C185*'provincia (%)'!K73 -> 31946.98 | R55: ='proyección hogares'!B185*'provincia (%)'!K73 -> 32458.493
B56: Hombre | C56: ='proyección hogares'!Q185*'provincia (%)'!K74 -> 12629.678 | D56: ='proyección hogares'!P185*'provincia (%)'!K74 -> 13007.026 | E56: ='proyección hogares'!O185*'provincia (%)'!K74 -> 13380.218 | F56: ='proyección hogares'!N185*'provincia (%)'!K74 -> 13727.816 | G56: ='proyección hogares'!M185*'provincia (%)'!K74 -> 14090.945 | H56: ='proyección hogares'!L185*'provincia (%)'!K74 -> 14467.855 | I56: ='proyección hogares'!K185*'provincia (%)'!K74 -> 14815.234 | J56: ='proyección hogares'!J185*'provincia (%)'!K74 -> 15140.957 | K56: ='proyección hogares'!I185*'provincia (%)'!K74 -> 15449.179 | L56: ='proyección hogares'!H185*'provincia (%)'!K74 -> 15767.902 | M56: ='proyección hogares'!G185*'provincia (%)'!K74 -> 16068.03 | N56: ='proyección hogares'!F185*'provincia (%)'!K74 -> 16349.565 | O56: ='proyección hogares'!E185*'provincia (%)'!K74 -> 16630.224 | P56: ='proyección hogares'!D185*'provincia (%)'!K74 -> 16914.821 | Q56: ='proyección hogares'!C185*'provincia (%)'!K74 -> 17200.95 | R56: ='proyección hogares'!B185*'provincia (%)'!K74 -> 17476.359
B57: Mujer | C57: ='proyección hogares'!Q185*'provincia (%)'!K75 -> 33455.26 | D57: ='proyección hogares'!P185*'provincia (%)'!K75 -> 34454.833 | E57: ='proyección hogares'!O185*'provincia (%)'!K75 -> 35443.396 | F57: ='proyección hogares'!N185*'provincia (%)'!K75 -> 36364.162 | G57: ='proyección hogares'!M185*'provincia (%)'!K75 -> 37326.069 | H57: ='proyección hogares'!L185*'provincia (%)'!K75 -> 38324.483 | I57: ='proyección hogares'!K185*'provincia (%)'!K75 -> 39244.669 | J57: ='proyección hogares'!J185*'provincia (%)'!K75 -> 40107.488 | K57: ='proyección hogares'!I185*'provincia (%)'!K75 -> 40923.951 | L57: ='proyección hogares'!H185*'provincia (%)'!K75 -> 41768.228 | M57: ='proyección hogares'!G185*'provincia (%)'!K75 -> 42563.25 | N57: ='proyección hogares'!F185*'provincia (%)'!K75 -> 43309.018 | O57: ='proyección hogares'!E185*'provincia (%)'!K75 -> 44052.468 | P57: ='proyección hogares'!D185*'provincia (%)'!K75 -> 44806.349 | Q57: ='proyección hogares'!C185*'provincia (%)'!K75 -> 45564.286 | R57: ='proyección hogares'!B185*'provincia (%)'!K75 -> 46293.829
A58: Albacete | B58: Ambos Sexos | C58: ='proyección hogares'!Q192*'provincia (%)'!K13 -> 18214.466 | D58: ='proyección hogares'!P192*'provincia (%)'!K13 -> 18809.363 | E58: ='proyección hogares'!O192*'provincia (%)'!K13 -> 19380.159 | F58: ='proyección hogares'!N192*'provincia (%)'!K13 -> 19943.323 | G58: ='proyección hogares'!M192*'provincia (%)'!K13 -> 20500.864 | H58: ='proyección hogares'!L192*'provincia (%)'!K13 -> 21071.66 | I58: ='proyección hogares'!K192*'provincia (%)'!K13 -> 21606.706 | J58: ='proyección hogares'!J192*'provincia (%)'!K13 -> 22120.062 | K58: ='proyección hogares'!I192*'provincia (%)'!K13 -> 22604.094 | L58: ='proyección hogares'!H192*'provincia (%)'!K13 -> 23083.707 | M58: ='proyección hogares'!G192*'provincia (%)'!K13 -> 23546.45 | N58: ='proyección hogares'!F192*'provincia (%)'!K13 -> 23999.15 | O58: ='proyección hogares'!E192*'provincia (%)'!K13 -> 24449.44 | P58: ='proyección hogares'!D192*'provincia (%)'!K13 -> 24881.655 | Q58: ='proyección hogares'!C192*'provincia (%)'!K13 -> 25315.878 | R58: ='proyección hogares'!B192*'provincia (%)'!K13 -> 25738.853
B59: Hombre | C59: ='proyección hogares'!Q192*'provincia (%)'!K14 -> 11581.438 | D59: ='proyección hogares'!P192*'provincia (%)'!K14 -> 11959.695 | E59: ='proyección hogares'!O192*'provincia (%)'!K14 -> 12322.629 | F59: ='proyección hogares'!N192*'provincia (%)'!K14 -> 12680.71 | G59: ='proyección hogares'!M192*'provincia (%)'!K14 -> 13035.215 | H59: ='proyección hogares'!L192*'provincia (%)'!K14 -> 13398.149 | I59: ='proyección hogares'!K192*'provincia (%)'!K14 -> 13738.351 | J59: ='proyección hogares'!J192*'provincia (%)'!K14 -> 14064.761 | K59: ='proyección hogares'!I192*'provincia (%)'!K14 -> 14372.527 | L59: ='proyección hogares'!H192*'provincia (%)'!K14 -> 14677.483 | M59: ='proyección hogares'!G192*'provincia (%)'!K14 -> 14971.712 | N59: ='proyección hogares'!F192*'provincia (%)'!K14 -> 15259.556 | O59: ='proyección hogares'!E192*'provincia (%)'!K14 -> 15545.867 | P59: ='proyección hogares'!D192*'provincia (%)'!K14 -> 15820.685 | Q59: ='proyección hogares'!C192*'provincia (%)'!K14 -> 16096.781 | R59: ='proyección hogares'!B192*'provincia (%)'!K14 -> 16365.724
B60: Mujer | C60: ='proyección hogares'!Q192*'provincia (%)'!K15 -> 24901.816 | D60: ='proyección hogares'!P192*'provincia (%)'!K15 -> 25715.127 | E60: ='proyección hogares'!O192*'provincia (%)'!K15 -> 26495.489 | F60: ='proyección hogares'!N192*'provincia (%)'!K15 -> 27265.416 | G60: ='proyección hogares'!M192*'provincia (%)'!K15 -> 28027.655 | H60: ='proyección hogares'!L192*'provincia (%)'!K15 -> 28808.016 | I60: ='proyección hogares'!K192*'provincia (%)'!K15 -> 29539.502 | J60: ='proyección hogares'!J192*'provincia (%)'!K15 -> 30241.332 | K60: ='proyección hogares'!I192*'provincia (%)'!K15 -> 30903.074 | L60: ='proyección hogares'!H192*'provincia (%)'!K15 -> 31558.776 | M60: ='proyección hogares'!G192*'provincia (%)'!K15 -> 32191.412 | N60: ='proyección hogares'!F192*'provincia (%)'!K15 -> 32810.319 | O60: ='proyección hogares'!E192*'provincia (%)'!K15 -> 33425.931 | P60: ='proyección hogares'!D192*'provincia (%)'!K15 -> 34016.831 | Q60: ='proyección hogares'!C192*'provincia (%)'!K15 -> 34610.477 | R60: ='proyección hogares'!B192*'provincia (%)'!K15 -> 35188.746
A61: Toledo | B61: Ambos Sexos | C61: ='proyección hogares'!Q199*'provincia (%)'!K193 -> 28996.448 | D61: ='proyección hogares'!P199*'provincia (%)'!K193 -> 30051.45 | E61: ='proyección hogares'!O199*'provincia (%)'!K193 -> 31101.142 | F61: ='proyección hogares'!N199*'provincia (%)'!K193 -> 32141.729 | G61: ='proyección hogares'!M199*'provincia (%)'!K193 -> 33205.836 | H61: ='proyección hogares'!L199*'provincia (%)'!K193 -> 34292.705 | I61: ='proyección hogares'!K199*'provincia (%)'!K193 -> 35328.74 | J61: ='proyección hogares'!J199*'provincia (%)'!K193 -> 36315.836 | K61: ='proyección hogares'!I199*'provincia (%)'!K193 -> 37289.276 | L61: ='proyección hogares'!H199*'provincia (%)'!K193 -> 38272.58 | M61: ='proyección hogares'!G199*'provincia (%)'!K193 -> 39212.636 | N61: ='proyección hogares'!F199*'provincia (%)'!K193 -> 40152.313 | O61: ='proyección hogares'!E199*'provincia (%)'!K193 -> 41091.231 | P61: ='proyección hogares'!D199*'provincia (%)'!K193 -> 42037.357 | Q61: ='proyección hogares'!C199*'provincia (%)'!K193 -> 42969.826 | R61: ='proyección hogares'!B199*'provincia (%)'!K193 -> 43888.638
B62: Hombre | C62: ='proyección hogares'!Q199*'provincia (%)'!K194 -> 16765.413 | D62: ='proyección hogares'!P199*'provincia (%)'!K194 -> 17375.404 | E62: ='proyección hogares'!O199*'provincia (%)'!K194 -> 17982.323 | F62: ='proyección hogares'!N199*'provincia (%)'!K194 -> 18583.979 | G62: ='proyección hogares'!M199*'provincia (%)'!K194 -> 19199.233 | H62: ='proyección hogares'!L199*'provincia (%)'!K194 -> 19827.649 | I62: ='proyección hogares'!K199*'provincia (%)'!K194 -> 20426.672 | J62: ='proyección hogares'!J199*'provincia (%)'!K194 -> 20997.4 | K62: ='proyección hogares'!I199*'provincia (%)'!K194 -> 21560.232 | L62: ='proyección hogares'!H199*'provincia (%)'!K194 -> 22128.767 | M62: ='proyección hogares'!G199*'provincia (%)'!K194 -> 22672.296 | N62: ='proyección hogares'!F199*'provincia (%)'!K194 -> 23215.607 | O62: ='proyección hogares'!E199*'provincia (%)'!K194 -> 23758.478 | P62: ='proyección hogares'!D199*'provincia (%)'!K194 -> 24305.518 | Q62: ='proyección hogares'!C199*'provincia (%)'!K194 -> 24844.66 | R62: ='proyección hogares'!B199*'provincia (%)'!K194 -> 25375.907
B63: Mujer | C63: ='proyección hogares'!Q199*'provincia (%)'!K195 -> 41791.799 | D63: ='proyección hogares'!P199*'provincia (%)'!K195 -> 43312.345 | E63: ='proyección hogares'!O199*'provincia (%)'!K195 -> 44825.237 | F63: ='proyección hogares'!N199*'provincia (%)'!K195 -> 46325.007 | G63: ='proyección hogares'!M199*'provincia (%)'!K195 -> 47858.676 | H63: ='proyección hogares'!L199*'provincia (%)'!K195 -> 49425.151 | I63: ='proyección hogares'!K199*'provincia (%)'!K195 -> 50918.36 | J63: ='proyección hogares'!J199*'provincia (%)'!K195 -> 52341.036 | K63: ='proyección hogares'!I199*'provincia (%)'!K195 -> 53744.029 | L63: ='proyección hogares'!H199*'provincia (%)'!K195 -> 55161.237 | M63: ='proyección hogares'!G199*'provincia (%)'!K195 -> 56516.115 | N63: ='proyección hogares'!F199*'provincia (%)'!K195 -> 57870.446 | O63: ='proyección hogares'!E199*'provincia (%)'!K195 -> 59223.683 | P63: ='proyección hogares'!D199*'provincia (%)'!K195 -> 60587.309 | Q63: ='proyección hogares'!C199*'provincia (%)'!K195 -> 61931.252 | R63: ='proyección hogares'!B199*'provincia (%)'!K195 -> 63255.511
A64: Cuenca | B64: Ambos Sexos | C64: ='proyección hogares'!Q206*'provincia (%)'!K85 -> 8998.5873 | D64: ='proyección hogares'!P206*'provincia (%)'!K85 -> 9225.1117 | E64: ='proyección hogares'!O206*'provincia (%)'!K85 -> 9441.9612 | F64: ='proyección hogares'!N206*'provincia (%)'!K85 -> 9658.8107 | G64: ='proyección hogares'!M206*'provincia (%)'!K85 -> 9874.993 | H64: ='proyección hogares'!L206*'provincia (%)'!K85 -> 10093.511 | I64: ='proyección hogares'!K206*'provincia (%)'!K85 -> 10295.014 | J64: ='proyección hogares'!J206*'provincia (%)'!K85 -> 10489.845 | K64: ='proyección hogares'!I206*'provincia (%)'!K85 -> 10672.999 | L64: ='proyección hogares'!H206*'provincia (%)'!K85 -> 10858.489 | M64: ='proyección hogares'!G206*'provincia (%)'!K85 -> 11031.635 | N64: ='proyección hogares'!F206*'provincia (%)'!K85 -> 11200.444 | O64: ='proyección hogares'!E206*'provincia (%)'!K85 -> 11366.584 | P64: ='proyección hogares'!D206*'provincia (%)'!K85 -> 11537.728 | Q64: ='proyección hogares'!C206*'provincia (%)'!K85 -> 11709.873 | R64: ='proyección hogares'!B206*'provincia (%)'!K85 -> 11879.35
B65: Hombre | C65: ='proyección hogares'!Q206*'provincia (%)'!K86 -> 4894.5001 | D65: ='proyección hogares'!P206*'provincia (%)'!K86 -> 5017.7109 | E65: ='proyección hogares'!O206*'provincia (%)'!K86 -> 5135.6595 | F65: ='proyección hogares'!N206*'provincia (%)'!K86 -> 5253.608 | G65: ='proyección hogares'!M206*'provincia (%)'!K86 -> 5371.1936 | H65: ='proyección hogares'!L206*'provincia (%)'!K86 -> 5490.0494 | I65: ='proyección hogares'!K206*'provincia (%)'!K86 -> 5599.6507 | J65: ='proyección hogares'!J206*'provincia (%)'!K86 -> 5705.6229 | K65: ='proyección hogares'!I206*'provincia (%)'!K86 -> 5805.2441 | L65: ='proyección hogares'!H206*'provincia (%)'!K86 -> 5906.1354 | M65: ='proyección hogares'!G206*'provincia (%)'!K86 -> 6000.3127 | N65: ='proyección hogares'!F206*'provincia (%)'!K86 -> 6092.1311 | O65: ='proyección hogares'!E206*'provincia (%)'!K86 -> 6182.4978 | P65: ='proyección hogares'!D206*'provincia (%)'!K86 -> 6275.5864 | Q65: ='proyección hogares'!C206*'provincia (%)'!K86 -> 6369.2194 | R65: ='proyección hogares'!B206*'provincia (%)'!K86 -> 6461.4007
B66: Mujer | C66: ='proyección hogares'!Q206*'provincia (%)'!K87 -> 14434.804 | D66: ='proyección hogares'!P206*'provincia (%)'!K87 -> 14798.176 | E66: ='proyección hogares'!O206*'provincia (%)'!K87 -> 15146.028 | F66: ='proyección hogares'!N206*'provincia (%)'!K87 -> 15493.881 | G66: ='proyección hogares'!M206*'provincia (%)'!K87 -> 15840.663 | H66: ='proyección hogares'!L206*'provincia (%)'!K87 -> 16191.191 | I66: ='proyección hogares'!K206*'provincia (%)'!K87 -> 16514.426 | J66: ='proyección hogares'!J206*'provincia (%)'!K87 -> 16826.958 | K66: ='proyección hogares'!I206*'provincia (%)'!K87 -> 17120.76 | L66: ='proyección hogares'!H206*'provincia (%)'!K87 -> 17418.307 | M66: ='proyección hogares'!G206*'provincia (%)'!K87 -> 17696.054 | N66: ='proyección hogares'!F206*'provincia (%)'!K87 -> 17966.844 | O66: ='proyección hogares'!E206*'provincia (%)'!K87 -> 18233.352 | P66: ='proyección hogares'!D206*'provincia (%)'!K87 -> 18507.888 | Q66: ='proyección hogares'!C206*'provincia (%)'!K87 -> 18784.029 | R66: ='proyección hogares'!B206*'provincia (%)'!K87 -> 19055.889
A67: Burgos | B67: Ambos Sexos | C67: ='proyección hogares'!Q220*'provincia (%)'!K53 -> 21618.987 | D67: ='proyección hogares'!P220*'provincia (%)'!K53 -> 22186.739 | E67: ='proyección hogares'!O220*'provincia (%)'!K53 -> 22759.083 | F67: ='proyección hogares'!N220*'provincia (%)'!K53 -> 23305.411 | G67: ='proyección hogares'!M220*'provincia (%)'!K53 -> 23850.592 | H67: ='proyección hogares'!L220*'provincia (%)'!K53 -> 24408.015 | I67: ='proyección hogares'!K220*'provincia (%)'!K53 -> 24931.005 | J67: ='proyección hogares'!J220*'provincia (%)'!K53 -> 25428.746 | K67: ='proyección hogares'!I220*'provincia (%)'!K53 -> 25910.417 | L67: ='proyección hogares'!H220*'provincia (%)'!K53 -> 26386.733 | M67: ='proyección hogares'!G220*'provincia (%)'!K53 -> 26848.893 | N67: ='proyección hogares'!F220*'provincia (%)'!K53 -> 27297.662 | O67: ='proyección hogares'!E220*'provincia (%)'!K53 -> 27733.807 | P67: ='proyección hogares'!D220*'provincia (%)'!K53 -> 28165.743 | Q67: ='proyección hogares'!C220*'provincia (%)'!K53 -> 28580.845 | R67: ='proyección hogares'!B220*'provincia (%)'!K53 -> 28970.697
B68: Hombre | C68: ='proyección hogares'!Q220*'provincia (%)'!K54 -> 14280.793 | D68: ='proyección hogares'!P220*'provincia (%)'!K54 -> 14655.832 | E68: ='proyección hogares'!O220*'provincia (%)'!K54 -> 15033.904 | F68: ='proyección hogares'!N220*'provincia (%)'!K54 -> 15394.79 | G68: ='proyección hogares'!M220*'provincia (%)'!K54 -> 15754.918 | H68: ='proyección hogares'!L220*'provincia (%)'!K54 -> 16123.134 | I68: ='proyección hogares'!K220*'provincia (%)'!K54 -> 16468.604 | J68: ='proyección hogares'!J220*'provincia (%)'!K54 -> 16797.395 | K68: ='proyección hogares'!I220*'provincia (%)'!K54 -> 17115.572 | L68: ='proyección hogares'!H220*'provincia (%)'!K54 -> 17430.21 | M68: ='proyección hogares'!G220*'provincia (%)'!K54 -> 17735.498 | N68: ='proyección hogares'!F220*'provincia (%)'!K54 -> 18031.94 | O68: ='proyección hogares'!E220*'provincia (%)'!K54 -> 18320.043 | P68: ='proyección hogares'!D220*'provincia (%)'!K54 -> 18605.365 | Q68: ='proyección hogares'!C220*'provincia (%)'!K54 -> 18879.568 | R68: ='proyección hogares'!B220*'provincia (%)'!K54 -> 19137.092
B69: Mujer | C69: ='proyección hogares'!Q220*'provincia (%)'!K55 -> 29353.728 | D69: ='proyección hogares'!P220*'provincia (%)'!K55 -> 30124.609 | E69: ='proyección hogares'!O220*'provincia (%)'!K55 -> 30901.724 | F69: ='proyección hogares'!N220*'provincia (%)'!K55 -> 31643.515 | G69: ='proyección hogares'!M220*'provincia (%)'!K55 -> 32383.747 | H69: ='proyección hogares'!L220*'provincia (%)'!K55 -> 33140.603 | I69: ='proyección hogares'!K220*'provincia (%)'!K55 -> 33850.706 | J69: ='proyección hogares'!J220*'provincia (%)'!K55 -> 34526.526 | K69: ='proyección hogares'!I220*'provincia (%)'!K55 -> 35180.528 | L69: ='proyección hogares'!H220*'provincia (%)'!K55 -> 35827.257 | M69: ='proyección hogares'!G220*'provincia (%)'!K55 -> 36454.767 | N69: ='proyección hogares'!F220*'provincia (%)'!K55 -> 37064.095 | O69: ='proyección hogares'!E220*'provincia (%)'!K55 -> 37656.281 | P69: ='proyección hogares'!D220*'provincia (%)'!K55 -> 38242.753 | Q69: ='proyección hogares'!C220*'provincia (%)'!K55 -> 38806.369 | R69: ='proyección hogares'!B220*'provincia (%)'!K55 -> 39335.7
A70: Soria | B70: Ambos Sexos | C70: ='proyección hogares'!Q227*'provincia (%)'!K181 -> 5692.0494 | D70: ='proyección hogares'!P227*'provincia (%)'!K181 -> 5832.7661 | E70: ='proyección hogares'!O227*'provincia (%)'!K181 -> 5969.8951 | F70: ='proyección hogares'!N227*'provincia (%)'!K181 -> 6105.8282 | G70: ='proyección hogares'!M227*'provincia (%)'!K181 -> 6236.5791 | H70: ='proyección hogares'!L227*'provincia (%)'!K181 -> 6366.1341 | I70: ='proyección hogares'!K227*'provincia (%)'!K181 -> 6496.0878 | J70: ='proyección hogares'!J227*'provincia (%)'!K181 -> 6618.0688 | K70: ='proyección hogares'!I227*'provincia (%)'!K181 -> 6732.0772 | L70: ='proyección hogares'!H227*'provincia (%)'!K181 -> 6849.2747 | M70: ='proyección hogares'!G227*'provincia (%)'!K181 -> 6959.6954 | N70: ='proyección hogares'!F227*'provincia (%)'!K181 -> 7067.7243 | O70: ='proyección hogares'!E227*'provincia (%)'!K181 -> 7174.956 | P70: ='proyección hogares'!D227*'provincia (%)'!K181 -> 7282.1877 | Q70: ='proyección hogares'!C227*'provincia (%)'!K181 -> 7382.6427 | R70: ='proyección hogares'!B227*'provincia (%)'!K181 -> 7483.4963
B71: Hombre | C71: ='proyección hogares'!Q227*'provincia (%)'!K182 -> 3508.6847 | D71: ='proyección hogares'!P227*'provincia (%)'!K182 -> 3595.4251 | E71: ='proyección hogares'!O227*'provincia (%)'!K182 -> 3679.954 | F71: ='proyección hogares'!N227*'provincia (%)'!K182 -> 3763.7456 | G71: ='proyección hogares'!M227*'provincia (%)'!K182 -> 3844.3429 | H71: ='proyección hogares'!L227*'provincia (%)'!K182 -> 3924.203 | I71: ='proyección hogares'!K227*'provincia (%)'!K182 -> 4004.3089 | J71: ='proyección hogares'!J227*'provincia (%)'!K182 -> 4079.5002 | K71: ='proyección hogares'!I227*'provincia (%)'!K182 -> 4149.7771 | L71: ='proyección hogares'!H227*'provincia (%)'!K182 -> 4222.0198 | M71: ='proyección hogares'!G227*'provincia (%)'!K182 -> 4290.0852 | N71: ='proyección hogares'!F227*'provincia (%)'!K182 -> 4356.6763 | O71: ='proyección hogares'!E227*'provincia (%)'!K182 -> 4422.7759 | P71: ='proyección hogares'!D227*'provincia (%)'!K182 -> 4488.8755 | Q71: ='proyección hogares'!C227*'provincia (%)'!K182 -> 4550.7978 | R71: ='proyección hogares'!B227*'provincia (%)'!K182 -> 4612.9658
B72: Mujer | C72: ='proyección hogares'!Q227*'provincia (%)'!K183 -> 8019.0124 | D72: ='proyección hogares'!P227*'provincia (%)'!K183 -> 8217.2554 | E72: ='proyección hogares'!O227*'provincia (%)'!K183 -> 8410.444 | F72: ='proyección hogares'!N227*'provincia (%)'!K183 -> 8601.9479 | G72: ='proyección hogares'!M227*'provincia (%)'!K183 -> 8786.151 | H72: ='proyección hogares'!L227*'provincia (%)'!K183 -> 8968.6693 | I72: ='proyección hogares'!K227*'provincia (%)'!K183 -> 9151.7492 | J72: ='proyección hogares'!J227*'provincia (%)'!K183 -> 9323.5972 | K72: ='proyección hogares'!I227*'provincia (%)'!K183 -> 9484.2133 | L72: ='proyección hogares'!H227*'provincia (%)'!K183 -> 9649.3222 | M72: ='proyección hogares'!G227*'provincia (%)'!K183 -> 9804.884 | N72: ='proyección hogares'!F227*'provincia (%)'!K183 -> 9957.0762 | O72: ='proyección hogares'!E227*'provincia (%)'!K183 -> 10108.145 | P72: ='proyección hogares'!D227*'provincia (%)'!K183 -> 10259.214 | Q72: ='proyección hogares'!C227*'provincia (%)'!K183 -> 10400.736 | R72: ='proyección hogares'!B227*'provincia (%)'!K183 -> 10542.82
A73: Segovia | B73: Ambos Sexos | C73: ='proyección hogares'!Q234*'provincia (%)'!K173 -> 7712.1077 | D73: ='proyección hogares'!P234*'provincia (%)'!K173 -> 7918.8893 | E73: ='proyección hogares'!O234*'provincia (%)'!K173 -> 8123.5608 | F73: ='proyección hogares'!N234*'provincia (%)'!K173 -> 8327.529 | G73: ='proyección hogares'!M234*'provincia (%)'!K173 -> 8524.8155 | H73: ='proyección hogares'!L234*'provincia (%)'!K173 -> 8729.1353 | I73: ='proyección hogares'!K234*'provincia (%)'!K173 -> 8925.3668 | J73: ='proyección hogares'!J234*'provincia (%)'!K173 -> 9113.8616 | K73: ='proyección hogares'!I234*'provincia (%)'!K173 -> 9299.5429 | L73: ='proyección hogares'!H234*'provincia (%)'!K173 -> 9479.9493 | M73: ='proyección hogares'!G234*'provincia (%)'!K173 -> 9656.839 | N73: ='proyección hogares'!F234*'provincia (%)'!K173 -> 9837.9486 | O73: ='proyección hogares'!E234*'provincia (%)'!K173 -> 10018.003 | P73: ='proyección hogares'!D234*'provincia (%)'!K173 -> 10201.223 | Q73: ='proyección hogares'!C234*'provincia (%)'!K173 -> 10383.739 | R73: ='proyección hogares'!B234*'provincia (%)'!K173 -> 10553.947
B74: Hombre | C74: ='proyección hogares'!Q234*'provincia (%)'!K174 -> 4978.1307 | D74: ='proyección hogares'!P234*'provincia (%)'!K174 -> 5111.6073 | E74: ='proyección hogares'!O234*'provincia (%)'!K174 -> 5243.7218 | F74: ='proyección hogares'!N234*'provincia (%)'!K174 -> 5375.3824 | G74: ='proyección hogares'!M234*'provincia (%)'!K174 -> 5502.7299 | H74: ='proyección hogares'!L234*'provincia (%)'!K174 -> 5634.6174 | I74: ='proyección hogares'!K234*'provincia (%)'!K174 -> 5761.284 | J74: ='proyección hogares'!J234*'provincia (%)'!K174 -> 5882.9565 | K74: ='proyección hogares'!I234*'provincia (%)'!K174 -> 6002.813 | L74: ='proyección hogares'!H234*'provincia (%)'!K174 -> 6119.2644 | M74: ='proyección hogares'!G234*'provincia (%)'!K174 -> 6233.4459 | N74: ='proyección hogares'!F234*'provincia (%)'!K174 -> 6350.3514 | O74: ='proyección hogares'!E234*'provincia (%)'!K174 -> 6466.5759 | P74: ='proyección hogares'!D234*'provincia (%)'!K174 -> 6584.8434 | Q74: ='proyección hogares'!C234*'provincia (%)'!K174 -> 6702.6569 | R74: ='proyección hogares'!B234*'provincia (%)'!K174 -> 6812.5253
B75: Mujer | C75: ='proyección hogares'!Q234*'provincia (%)'!K175 -> 10664.419 | D75: ='proyección hogares'!P234*'provincia (%)'!K175 -> 10950.36 | E75: ='proyección hogares'!O234*'provincia (%)'!K175 -> 11233.382 | F75: ='proyección hogares'!N234*'provincia (%)'!K175 -> 11515.433 | G75: ='proyección hogares'!M234*'provincia (%)'!K175 -> 11788.243 | H75: ='proyección hogares'!L234*'provincia (%)'!K175 -> 12070.78 | I75: ='proyección hogares'!K234*'provincia (%)'!K175 -> 12342.132 | J75: ='proyección hogares'!J234*'provincia (%)'!K175 -> 12602.785 | K75: ='proyección hogares'!I234*'provincia (%)'!K175 -> 12859.548 | L75: ='proyección hogares'!H234*'provincia (%)'!K175 -> 13109.017 | M75: ='proyección hogares'!G234*'provincia (%)'!K175 -> 13353.623 | N75: ='proyección hogares'!F234*'provincia (%)'!K175 -> 13604.064 | O75: ='proyección hogares'!E234*'provincia (%)'!K175 -> 13853.046 | P75: ='proyección hogares'!D234*'provincia (%)'!K175 -> 14106.405 | Q75: ='proyección hogares'!C234*'provincia (%)'!K175 -> 14358.791 | R75: ='proyección hogares'!B234*'provincia (%)'!K175 -> 14594.158
A76: Palencia | B76: Ambos Sexos | C76: ='proyección hogares'!Q241*'provincia (%)'!K149 -> 8361.3207 | D76: ='proyección hogares'!P241*'provincia (%)'!K149 -> 8543.5236 | E76: ='proyección hogares'!O241*'provincia (%)'!K149 -> 8713.3036 | F76: ='proyección hogares'!N241*'provincia (%)'!K149 -> 8879.9779 | G76: ='proyección hogares'!M241*'provincia (%)'!K149 -> 9043.5465 | H76: ='proyección hogares'!L241*'provincia (%)'!K149 -> 9204.0093 | I76: ='proyección hogares'!K241*'provincia (%)'!K149 -> 9362.4016 | J76: ='proyección hogares'!J241*'provincia (%)'!K149 -> 9509.4063 | K76: ='proyección hogares'!I241*'provincia (%)'!K149 -> 9650.5445 | L76: ='proyección hogares'!H241*'provincia (%)'!K149 -> 9790.6476 | M76: ='proyección hogares'!G241*'provincia (%)'!K149 -> 9925.9194 | N76: ='proyección hogares'!F241*'provincia (%)'!K149 -> 10053.945 | O76: ='proyección hogares'!E241*'provincia (%)'!K149 -> 10179.554 | P76: ='proyección hogares'!D241*'provincia (%)'!K149 -> 10300.333 | Q76: ='proyección hogares'!C241*'provincia (%)'!K149 -> 10416.97 | R76: ='proyección hogares'!B241*'provincia (%)'!K149 -> 10521.185
B77: Hombre | C77: ='proyección hogares'!Q241*'provincia (%)'!K150 -> 5264.7653 | D77: ='proyección hogares'!P241*'provincia (%)'!K150 -> 5379.4907 | E77: ='proyección hogares'!O241*'provincia (%)'!K150 -> 5486.3939 | F77: ='proyección hogares'!N241*'provincia (%)'!K150 -> 5591.3415 | G77: ='proyección hogares'!M241*'provincia (%)'!K150 -> 5694.3336 | H77: ='proyección hogares'!L241*'provincia (%)'!K150 -> 5795.3702 | I77: ='proyección hogares'!K241*'provincia (%)'!K150 -> 5895.103 | J77: ='proyección hogares'!J241*'provincia (%)'!K150 -> 5987.6656 | K77: ='proyección hogares'!I241*'provincia (%)'!K150 -> 6076.5343 | L77: ='proyección hogares'!H241*'provincia (%)'!K150 -> 6164.7511 | M77: ='proyección hogares'!G241*'provincia (%)'!K150 -> 6249.926 | N77: ='proyección hogares'!F241*'provincia (%)'!K150 -> 6330.538 | O77: ='proyección hogares'!E241*'provincia (%)'!K150 -> 6409.629 | P77: ='proyección hogares'!D241*'provincia (%)'!K150 -> 6485.678 | Q77: ='proyección hogares'!C241*'provincia (%)'!K150 -> 6559.1197 | R77: ='proyección hogares'!B241*'provincia (%)'!K150 -> 6624.7391
B78: Mujer | C78: ='proyección hogares'!Q241*'provincia (%)'!K151 -> 11066.967 | D78: ='proyección hogares'!P241*'provincia (%)'!K151 -> 11308.129 | E78: ='proyección hogares'!O241*'provincia (%)'!K151 -> 11532.848 | F78: ='proyección hogares'!N241*'provincia (%)'!K151 -> 11753.457 | G78: ='proyección hogares'!M241*'provincia (%)'!K151 -> 11969.955 | H78: ='proyección hogares'!L241*'provincia (%)'!K151 -> 12182.342 | I78: ='proyección hogares'!K241*'provincia (%)'!K151 -> 12391.988 | J78: ='proyección hogares'!J241*'provincia (%)'!K151 -> 12586.562 | K78: ='proyección hogares'!I241*'provincia (%)'!K151 -> 12773.372 | L78: ='proyección hogares'!H241*'provincia (%)'!K151 -> 12958.811 | M78: ='proyección hogares'!G241*'provincia (%)'!K151 -> 13137.855 | N78: ='proyección hogares'!F241*'provincia (%)'!K151 -> 13307.308 | O78: ='proyección hogares'!E241*'provincia (%)'!K151 -> 13473.564 | P78: ='proyección hogares'!D241*'provincia (%)'!K151 -> 13633.425 | Q78: ='proyección hogares'!C241*'provincia (%)'!K151 -> 13787.806 | R78: ='proyección hogares'!B241*'provincia (%)'!K151 -> 13925.743
A79: Ávila | B79: Ambos Sexos | C79: ='proyección hogares'!Q248*'provincia (%)'!K33 -> 10418.22 | D79: ='proyección hogares'!P248*'provincia (%)'!K33 -> 10646.048 | E79: ='proyección hogares'!O248*'provincia (%)'!K33 -> 10873.103 | F79: ='proyección hogares'!N248*'provincia (%)'!K33 -> 11097.837 | G79: ='proyección hogares'!M248*'provincia (%)'!K33 -> 11311.354 | H79: ='proyección hogares'!L248*'provincia (%)'!K33 -> 11533.767 | I79: ='proyección hogares'!K248*'provincia (%)'!K33 -> 11743.416 | J79: ='proyección hogares'!J248*'provincia (%)'!K33 -> 11939.526 | K79: ='proyección hogares'!I248*'provincia (%)'!K33 -> 12126.353 | L79: ='proyección hogares'!H248*'provincia (%)'!K33 -> 12314.341 | M79: ='proyección hogares'!G248*'provincia (%)'!K33 -> 12494.205 | N79: ='proyección hogares'!F248*'provincia (%)'!K33 -> 12672.136 | O79: ='proyección hogares'!E248*'provincia (%)'!K33 -> 12854.708 | P79: ='proyección hogares'!D248*'provincia (%)'!K33 -> 13030.704 | Q79: ='proyección hogares'!C248*'provincia (%)'!K33 -> 13204.38 | R79: ='proyección hogares'!B248*'provincia (%)'!K33 -> 13378.829
B80: Hombre | C80: ='proyección hogares'!Q248*'provincia (%)'!K34 -> 5796.0759 | D80: ='proyección hogares'!P248*'provincia (%)'!K34 -> 5922.826 | E80: ='proyección hogares'!O248*'provincia (%)'!K34 -> 6049.1458 | F80: ='proyección hogares'!N248*'provincia (%)'!K34 -> 6174.1744 | G80: ='proyección hogares'!M248*'provincia (%)'!K34 -> 6292.9623 | H80: ='proyección hogares'!L248*'provincia (%)'!K34 -> 6416.6997 | I80: ='proyección hogares'!K248*'provincia (%)'!K34 -> 6533.3357 | J80: ='proyección hogares'!J248*'provincia (%)'!K34 -> 6642.4398 | K80: ='proyección hogares'!I248*'provincia (%)'!K34 -> 6746.3793 | L80: ='proyección hogares'!H248*'provincia (%)'!K34 -> 6850.9643 | M80: ='proyección hogares'!G248*'provincia (%)'!K34 -> 6951.0302 | N80: ='proyección hogares'!F248*'provincia (%)'!K34 -> 7050.0201 | O80: ='proyección hogares'!E248*'provincia (%)'!K34 -> 7151.5924 | P80: ='proyección hogares'!D248*'provincia (%)'!K34 -> 7249.5064 | Q80: ='proyección hogares'!C248*'provincia (%)'!K34 -> 7346.1292 | R80: ='proyección hogares'!B248*'provincia (%)'!K34 -> 7443.1823
B81: Mujer | C81: ='proyección hogares'!Q248*'provincia (%)'!K35 -> 15767.462 | D81: ='proyección hogares'!P248*'provincia (%)'!K35 -> 16112.269 | E81: ='proyección hogares'!O248*'provincia (%)'!K35 -> 16455.906 | F81: ='proyección hogares'!N248*'provincia (%)'!K35 -> 16796.029 | G81: ='proyección hogares'!M248*'provincia (%)'!K35 -> 17119.176 | H81: ='proyección hogares'!L248*'provincia (%)'!K35 -> 17455.788 | I81: ='proyección hogares'!K248*'provincia (%)'!K35 -> 17773.081 | J81: ='proyección hogares'!J248*'provincia (%)'!K35 -> 18069.884 | K81: ='proyección hogares'!I248*'provincia (%)'!K35 -> 18352.638 | L81: ='proyección hogares'!H248*'provincia (%)'!K35 -> 18637.147 | M81: ='proyección hogares'!G248*'provincia (%)'!K35 -> 18909.363 | N81: ='proyección hogares'!F248*'provincia (%)'!K35 -> 19178.653 | O81: ='proyección hogares'!E248*'provincia (%)'!K35 -> 19454.967 | P81: ='proyección hogares'!D248*'provincia (%)'!K35 -> 19721.329 | Q81: ='proyección hogares'!C248*'provincia (%)'!K35 -> 19984.178 | R81: ='proyección hogares'!B248*'provincia (%)'!K35 -> 20248.199
A82: Zamora | B82: Ambos Sexos | C82: ='proyección hogares'!Q255*'provincia (%)'!K205 -> 11962.772 | D82: ='proyección hogares'!P255*'provincia (%)'!K205 -> 12172.026 | E82: ='proyección hogares'!O255*'provincia (%)'!K205 -> 12372.254 | F82: ='proyección hogares'!N255*'provincia (%)'!K205 -> 12550.735 | G82: ='proyección hogares'!M255*'provincia (%)'!K205 -> 12735.782 | H82: ='proyección hogares'!L255*'provincia (%)'!K205 -> 12931.085 | I82: ='proyección hogares'!K255*'provincia (%)'!K205 -> 13103.002 | J82: ='proyección hogares'!J255*'provincia (%)'!K205 -> 13267.533 | K82: ='proyección hogares'!I255*'provincia (%)'!K205 -> 13417.294 | L82: ='proyección hogares'!H255*'provincia (%)'!K205 -> 13576.491 | M82: ='proyección hogares'!G255*'provincia (%)'!K205 -> 13722.148 | N82: ='proyección hogares'!F255*'provincia (%)'!K205 -> 13864.113 | O82: ='proyección hogares'!E255*'provincia (%)'!K205 -> 14001.974 | P82: ='proyección hogares'!D255*'provincia (%)'!K205 -> 14146.401 | Q82: ='proyección hogares'!C255*'provincia (%)'!K205 -> 14283.031 | R82: ='proyección hogares'!B255*'provincia (%)'!K205 -> 14420.893
B83: Hombre | C83: ='proyección hogares'!Q255*'provincia (%)'!K206 -> 7811.5243 | D83: ='proyección hogares'!P255*'provincia (%)'!K206 -> 7948.1644 | E83: ='proyección hogares'!O255*'provincia (%)'!K206 -> 8078.9102 | F83: ='proyección hogares'!N255*'provincia (%)'!K206 -> 8195.4561 | G83: ='proyección hogares'!M255*'provincia (%)'!K206 -> 8316.2888 | H83: ='proyección hogares'!L255*'provincia (%)'!K206 -> 8443.8195 | I83: ='proyección hogares'!K255*'provincia (%)'!K206 -> 8556.0787 | J83: ='proyección hogares'!J255*'provincia (%)'!K206 -> 8663.5153 | K83: ='proyección hogares'!I255*'provincia (%)'!K206 -> 8761.3067 | L83: ='proyección hogares'!H255*'provincia (%)'!K206 -> 8865.2603 | M83: ='proyección hogares'!G255*'provincia (%)'!K206 -> 8960.3725 | N83: ='proyección hogares'!F255*'provincia (%)'!K206 -> 9053.0734 | O83: ='proyección hogares'!E255*'provincia (%)'!K206 -> 9143.095 | P83: ='proyección hogares'!D255*'provincia (%)'!K206 -> 9237.4035 | Q83: ='proyección hogares'!C255*'provincia (%)'!K206 -> 9326.6214 | R83: ='proyección hogares'!B255*'provincia (%)'!K206 -> 9416.6431
B84: Mujer | C84: ='proyección hogares'!Q255*'provincia (%)'!K207 -> 15846.998 | D84: ='proyección hogares'!P255*'provincia (%)'!K207 -> 16124.195 | E84: ='proyección hogares'!O255*'provincia (%)'!K207 -> 16389.435 | F84: ='proyección hogares'!N255*'provincia (%)'!K207 -> 16625.868 | G84: ='proyección hogares'!M255*'provincia (%)'!K207 -> 16870.998 | H84: ='proyección hogares'!L255*'provincia (%)'!K207 -> 17129.715 | I84: ='proyección hogares'!K255*'provincia (%)'!K207 -> 17357.452 | J84: ='proyección hogares'!J255*'provincia (%)'!K207 -> 17575.406 | K84: ='proyección hogares'!I255*'provincia (%)'!K207 -> 17773.792 | L84: ='proyección hogares'!H255*'provincia (%)'!K207 -> 17984.679 | M84: ='proyección hogares'!G255*'provincia (%)'!K207 -> 18177.631 | N84: ='proyección hogares'!F255*'provincia (%)'!K207 -> 18365.69 | O84: ='proyección hogares'!E255*'provincia (%)'!K207 -> 18548.314 | P84: ='proyección hogares'!D255*'provincia (%)'!K207 -> 18739.635 | Q84: ='proyección hogares'!C255*'provincia (%)'!K207 -> 18920.628 | R84: ='proyección hogares'!B255*'provincia (%)'!K207 -> 19103.253
A85: Valladolid | B85: Ambos Sexos | C85: ='proyección hogares'!Q262*'provincia (%)'!K201 -> 24794.918 | D85: ='proyección hogares'!P262*'provincia (%)'!K201 -> 25528.283 | E85: ='proyección hogares'!O262*'provincia (%)'!K201 -> 26263.423 | F85: ='proyección hogares'!N262*'provincia (%)'!K201 -> 26957.387 | G85: ='proyección hogares'!M262*'provincia (%)'!K201 -> 27650.641 | H85: ='proyección hogares'!L262*'provincia (%)'!K201 -> 28347.799 | I85: ='proyección hogares'!K262*'provincia (%)'!K201 -> 29013.721 | J85: ='proyección hogares'!J262*'provincia (%)'!K201 -> 29654.084 | K85: ='proyección hogares'!I262*'provincia (%)'!K201 -> 30250.432 | L85: ='proyección hogares'!H262*'provincia (%)'!K201 -> 30840.035 | M85: ='proyección hogares'!G262*'provincia (%)'!K201 -> 31400.53 | N85: ='proyección hogares'!F262*'provincia (%)'!K201 -> 31940.082 | O85: ='proyección hogares'!E262*'provincia (%)'!K201 -> 32461.531 | P85: ='proyección hogares'!D262*'provincia (%)'!K201 -> 32988.305 | Q85: ='proyección hogares'!C262*'provincia (%)'!K201 -> 33474.257 | R85: ='proyección hogares'!B262*'provincia (%)'!K201 -> 33935.006
B86: Hombre | C86: ='proyección hogares'!Q262*'provincia (%)'!K202 -> 14702.079 | D86: ='proyección hogares'!P262*'provincia (%)'!K202 -> 15136.926 | E86: ='proyección hogares'!O262*'provincia (%)'!K202 -> 15572.826 | F86: ='proyección hogares'!N262*'provincia (%)'!K202 -> 15984.31 | G86: ='proyección hogares'!M262*'provincia (%)'!K202 -> 16395.373 | H86: ='proyección hogares'!L262*'provincia (%)'!K202 -> 16808.751 | I86: ='proyección hogares'!K262*'provincia (%)'!K202 -> 17203.607 | J86: ='proyección hogares'!J262*'provincia (%)'!K202 -> 17583.309 | K86: ='proyección hogares'!I262*'provincia (%)'!K202 -> 17936.911 | L86: ='proyección hogares'!H262*'provincia (%)'!K202 -> 18286.515 | M86: ='proyección hogares'!G262*'provincia (%)'!K202 -> 18618.859 | N86: ='proyección hogares'!F262*'provincia (%)'!K202 -> 18938.785 | O86: ='proyección hogares'!E262*'provincia (%)'!K202 -> 19247.977 | P86: ='proyección hogares'!D262*'provincia (%)'!K202 -> 19560.326 | Q86: ='proyección hogares'!C262*'provincia (%)'!K202 -> 19848.47 | R86: ='proyección hogares'!B262*'provincia (%)'!K202 -> 20121.67
B87: Mujer | C87: ='proyección hogares'!Q262*'provincia (%)'!K203 -> 33279.018 | D87: ='proyección hogares'!P262*'provincia (%)'!K203 -> 34263.319 | E87: ='proyección hogares'!O262*'provincia (%)'!K203 -> 35250.003 | F87: ='proyección hogares'!N262*'provincia (%)'!K203 -> 36181.421 | G87: ='proyección hogares'!M262*'provincia (%)'!K203 -> 37111.886 | H87: ='proyección hogares'!L262*'provincia (%)'!K203 -> 38047.592 | I87: ='proyección hogares'!K262*'provincia (%)'!K203 -> 38941.372 | J87: ='proyección hogares'!J262*'provincia (%)'!K203 -> 39800.85 | K87: ='proyección hogares'!I262*'provincia (%)'!K203 -> 40601.25 | L87: ='proyección hogares'!H262*'provincia (%)'!K203 -> 41392.598 | M87: ='proyección hogares'!G262*'provincia (%)'!K203 -> 42144.879 | N87: ='proyección hogares'!F262*'provincia (%)'!K203 -> 42869.05 | O87: ='proyección hogares'!E262*'provincia (%)'!K203 -> 43568.924 | P87: ='proyección hogares'!D262*'provincia (%)'!K203 -> 44275.944 | Q87: ='proyección hogares'!C262*'provincia (%)'!K203 -> 44928.175 | R87: ='proyección hogares'!B262*'provincia (%)'!K203 -> 45546.579
A88: Salamanca | B88: Ambos Sexos | C88: ='proyección hogares'!Q269*'provincia (%)'!K165 -> 21166.438 | D88: ='proyección hogares'!P269*'provincia (%)'!K165 -> 21705.743 | E88: ='proyección hogares'!O269*'provincia (%)'!K165 -> 22243.849 | F88: ='proyección hogares'!N269*'provincia (%)'!K165 -> 22745.175 | G88: ='proyección hogares'!M269*'provincia (%)'!K165 -> 23242.104 | H88: ='proyección hogares'!L269*'provincia (%)'!K165 -> 23735.834 | I88: ='proyección hogares'!K269*'provincia (%)'!K165 -> 24195.983 | J88: ='proyección hogares'!J269*'provincia (%)'!K165 -> 24631.345 | K88: ='proyección hogares'!I269*'provincia (%)'!K165 -> 25041.921 | L88: ='proyección hogares'!H269*'provincia (%)'!K165 -> 25437.704 | M88: ='proyección hogares'!G269*'provincia (%)'!K165 -> 25805.104 | N88: ='proyección hogares'!F269*'provincia (%)'!K165 -> 26166.106 | O88: ='proyección hogares'!E269*'provincia (%)'!K165 -> 26524.711 | P88: ='proyección hogares'!D269*'provincia (%)'!K165 -> 26874.519 | Q88: ='proyección hogares'!C269*'provincia (%)'!K165 -> 27207.138 | R88: ='proyección hogares'!B269*'provincia (%)'!K165 -> 27534.959
B89: Hombre | C89: ='proyección hogares'!Q269*'provincia (%)'!K166 -> 15240.435 | D89: ='proyección hogares'!P269*'provincia (%)'!K166 -> 15628.751 | E89: ='proyección hogares'!O269*'provincia (%)'!K166 -> 16016.202 | F89: ='proyección hogares'!N269*'provincia (%)'!K166 -> 16377.171 | G89: ='proyección hogares'!M269*'provincia (%)'!K166 -> 16734.974 | H89: ='proyección hogares'!L269*'provincia (%)'!K166 -> 17090.474 | I89: ='proyección hogares'!K269*'provincia (%)'!K166 -> 17421.794 | J89: ='proyección hogares'!J269*'provincia (%)'!K166 -> 17735.267 | K89: ='proyección hogares'!I269*'provincia (%)'!K166 -> 18030.893 | L89: ='proyección hogares'!H269*'provincia (%)'!K166 -> 18315.869 | M89: ='proyección hogares'!G269*'provincia (%)'!K166 -> 18580.407 | N89: ='proyección hogares'!F269*'provincia (%)'!K166 -> 18840.339 | O89: ='proyección hogares'!E269*'provincia (%)'!K166 -> 19098.544 | P89: ='proyección hogares'!D269*'provincia (%)'!K166 -> 19350.416 | Q89: ='proyección hogares'!C269*'provincia (%)'!K166 -> 19589.911 | R89: ='proyección hogares'!B269*'provincia (%)'!K166 -> 19825.951
B90: Mujer | C90: ='proyección hogares'!Q269*'provincia (%)'!K167 -> 25691.024 | D90: ='proyección hogares'!P269*'provincia (%)'!K167 -> 26345.613 | E90: ='proyección hogares'!O269*'provincia (%)'!K167 -> 26998.745 | F90: ='proyección hogares'!N269*'provincia (%)'!K167 -> 27607.236 | G90: ='proyección hogares'!M269*'provincia (%)'!K167 -> 28210.389 | H90: ='proyección hogares'!L269*'provincia (%)'!K167 -> 28809.661 | I90: ='proyección hogares'!K269*'provincia (%)'!K167 -> 29368.172 | J90: ='proyección hogares'!J269*'provincia (%)'!K167 -> 29896.598 | K90: ='proyección hogares'!I269*'provincia (%)'!K167 -> 30394.939 | L90: ='proyección hogares'!H269*'provincia (%)'!K167 -> 30875.327 | M90: ='proyección hogares'!G269*'provincia (%)'!K167 -> 31321.262 | N90: ='proyección hogares'!F269*'provincia (%)'!K167 -> 31759.434 | O90: ='proyección hogares'!E269*'provincia (%)'!K167 -> 32194.694 | P90: ='proyección hogares'!D269*'provincia (%)'!K167 -> 32619.279 | Q90: ='proyección hogares'!C269*'provincia (%)'!K167 -> 33022.998 | R90: ='proyección hogares'!B269*'provincia (%)'!K167 -> 33420.895
A91: León | B91: Ambos Sexos | C91: ='proyección hogares'!Q276*'provincia (%)'!K117 -> 29291.507 | D91: ='proyección hogares'!P276*'provincia (%)'!K117 -> 29943.151 | E91: ='proyección hogares'!O276*'provincia (%)'!K117 -> 30584.374 | F91: ='proyección hogares'!N276*'provincia (%)'!K117 -> 31193.136 | G91: ='proyección hogares'!M276*'provincia (%)'!K117 -> 31777.051 | H91: ='proyección hogares'!L276*'provincia (%)'!K117 -> 32370.984 | I91: ='proyección hogares'!K276*'provincia (%)'!K117 -> 32937.265 | J91: ='proyección hogares'!J276*'provincia (%)'!K117 -> 33473.088 | K91: ='proyección hogares'!I276*'provincia (%)'!K117 -> 33994.082 | L91: ='proyección hogares'!H276*'provincia (%)'!K117 -> 34491.432 | M91: ='proyección hogares'!G276*'provincia (%)'!K117 -> 34968.342 | N91: ='proyección hogares'!F276*'provincia (%)'!K117 -> 35438.439 | O91: ='proyección hogares'!E276*'provincia (%)'!K117 -> 35907.735 | P91: ='proyección hogares'!D276*'provincia (%)'!K117 -> 36360.599 | Q91: ='proyección hogares'!C276*'provincia (%)'!K117 -> 36799.437 | R91: ='proyección hogares'!B276*'provincia (%)'!K117 -> 37214.629
B92: Hombre | C92: ='proyección hogares'!Q276*'provincia (%)'!K118 -> 18120.728 | D92: ='proyección hogares'!P276*'provincia (%)'!K118 -> 18523.857 | E92: ='proyección hogares'!O276*'provincia (%)'!K118 -> 18920.54 | F92: ='proyección hogares'!N276*'provincia (%)'!K118 -> 19297.141 | G92: ='proyección hogares'!M276*'provincia (%)'!K118 -> 19658.37 | H92: ='proyección hogares'!L276*'provincia (%)'!K118 -> 20025.798 | I92: ='proyección hogares'!K276*'provincia (%)'!K118 -> 20376.118 | J92: ='proyección hogares'!J276*'provincia (%)'!K118 -> 20707.597 | K92: ='proyección hogares'!I276*'provincia (%)'!K118 -> 21029.902 | L92: ='proyección hogares'!H276*'provincia (%)'!K118 -> 21337.579 | M92: ='proyección hogares'!G276*'provincia (%)'!K118 -> 21632.612 | N92: ='proyección hogares'!F276*'provincia (%)'!K118 -> 21923.43 | O92: ='proyección hogares'!E276*'provincia (%)'!K118 -> 22213.752 | P92: ='proyección hogares'!D276*'provincia (%)'!K118 -> 22493.91 | Q92: ='proyección hogares'!C276*'provincia (%)'!K118 -> 22765.39 | R92: ='proyección hogares'!B276*'provincia (%)'!K118 -> 23022.242
B93: Mujer | C93: ='proyección hogares'!Q276*'provincia (%)'!K119 -> 37558.158 | D93: ='proyección hogares'!P276*'provincia (%)'!K119 -> 38393.708 | E93: ='proyección hogares'!O276*'provincia (%)'!K119 -> 39215.898 | F93: ='proyección hogares'!N276*'provincia (%)'!K119 -> 39996.465 | G93: ='proyección hogares'!M276*'provincia (%)'!K119 -> 40745.172 | H93: ='proyección hogares'!L276*'provincia (%)'!K119 -> 41506.726 | I93: ='proyección hogares'!K276*'provincia (%)'!K119 -> 42232.822 | J93: ='proyección hogares'!J276*'provincia (%)'!K119 -> 42919.865 | K93: ='proyección hogares'!I276*'provincia (%)'!K119 -> 43587.894 | L93: ='proyección hogares'!H276*'provincia (%)'!K119 -> 44225.605 | M93: ='proyección hogares'!G276*'provincia (%)'!K119 -> 44837.109 | N93: ='proyección hogares'!F276*'provincia (%)'!K119 -> 45439.877 | O93: ='proyección hogares'!E276*'provincia (%)'!K119 -> 46041.618 | P93: ='proyección hogares'!D276*'provincia (%)'!K119 -> 46622.29 | Q93: ='proyección hogares'!C276*'provincia (%)'!K119 -> 47184.976 | R93: ='proyección hogares'!B276*'provincia (%)'!K119 -> 47717.344
A94: Lleida | B94: Ambos Sexos | C94: ='proyección hogares'!Q290*'provincia (%)'!K121 -> 15588 | D94: ='proyección hogares'!P290*'provincia (%)'!K121 -> 16128.55 | E94: ='proyección hogares'!O290*'provincia (%)'!K121 -> 16675.651 | F94: ='proyección hogares'!N290*'provincia (%)'!K121 -> 17214.018 | G94: ='proyección hogares'!M290*'provincia (%)'!K121 -> 17749.578 | H94: ='proyección hogares'!L290*'provincia (%)'!K121 -> 18287.633 | I94: ='proyección hogares'!K290*'provincia (%)'!K121 -> 18799.175 | J94: ='proyección hogares'!J290*'provincia (%)'!K121 -> 19293.874 | K94: ='proyección hogares'!I290*'provincia (%)'!K121 -> 19763.619 | L94: ='proyección hogares'!H290*'provincia (%)'!K121 -> 20235.86 | M94: ='proyección hogares'!G290*'provincia (%)'!K121 -> 20691.257 | N94: ='proyección hogares'!F290*'provincia (%)'!K121 -> 21140.104 | O94: ='proyección hogares'!E290*'provincia (%)'!K121 -> 21579.282 | P94: ='proyección hogares'!D290*'provincia (%)'!K121 -> 22012.845 | Q94: ='proyección hogares'!C290*'provincia (%)'!K121 -> 22434.867 | R94: ='proyección hogares'!B290*'provincia (%)'!K121 -> 22840.358
B95: Hombre | C95: ='proyección hogares'!Q290*'provincia (%)'!K122 -> 8964.1734 | D95: ='proyección hogares'!P290*'provincia (%)'!K122 -> 9275.0271 | E95: ='proyección hogares'!O290*'provincia (%)'!K122 -> 9589.6476 | F95: ='proyección hogares'!N290*'provincia (%)'!K122 -> 9899.2457 | G95: ='proyección hogares'!M290*'provincia (%)'!K122 -> 10207.229 | H95: ='proyección hogares'!L290*'provincia (%)'!K122 -> 10516.648 | I95: ='proyección hogares'!K290*'provincia (%)'!K122 -> 10810.82 | J95: ='proyección hogares'!J290*'provincia (%)'!K122 -> 11095.306 | K95: ='proyección hogares'!I290*'provincia (%)'!K122 -> 11365.442 | L95: ='proyección hogares'!H290*'provincia (%)'!K122 -> 11637.013 | M95: ='proyección hogares'!G290*'provincia (%)'!K122 -> 11898.898 | N95: ='proyección hogares'!F290*'provincia (%)'!K122 -> 12157.016 | O95: ='proyección hogares'!E290*'provincia (%)'!K122 -> 12409.573 | P95: ='proyección hogares'!D290*'provincia (%)'!K122 -> 12658.902 | Q95: ='proyección hogares'!C290*'provincia (%)'!K122 -> 12901.594 | R95: ='proyección hogares'!B290*'provincia (%)'!K122 -> 13134.779
B96: Mujer | C96: ='proyección hogares'!Q290*'provincia (%)'!K123 -> 24452.308 | D96: ='proyección hogares'!P290*'provincia (%)'!K123 -> 25300.249 | E96: ='proyección hogares'!O290*'provincia (%)'!K123 -> 26158.465 | F96: ='proyección hogares'!N290*'provincia (%)'!K123 -> 27002.981 | G96: ='proyección hogares'!M290*'provincia (%)'!K123 -> 27843.094 | H96: ='proyección hogares'!L290*'provincia (%)'!K123 -> 28687.12 | I96: ='proyección hogares'!K290*'provincia (%)'!K123 -> 29489.557 | J96: ='proyección hogares'!J290*'provincia (%)'!K123 -> 30265.573 | K96: ='proyección hogares'!I290*'provincia (%)'!K123 -> 31002.445 | L96: ='proyección hogares'!H290*'provincia (%)'!K123 -> 31743.231 | M96: ='proyección hogares'!G290*'provincia (%)'!K123 -> 32457.595 | N96: ='proyección hogares'!F290*'provincia (%)'!K123 -> 33161.685 | O96: ='proyección hogares'!E290*'provincia (%)'!K123 -> 33850.606 | P96: ='proyección hogares'!D290*'provincia (%)'!K123 -> 34530.721 | Q96: ='proyección hogares'!C290*'provincia (%)'!K123 -> 35192.731 | R96: ='proyección hogares'!B290*'provincia (%)'!K123 -> 35828.809
A97: Girona | B97: Ambos Sexos | C97: ='proyección hogares'!Q297*'provincia (%)'!K93 -> 27333.399 | D97: ='proyección hogares'!P297*'provincia (%)'!K93 -> 28388.118 | E97: ='proyección hogares'!O297*'provincia (%)'!K93 -> 29445.087 | F97: ='proyección hogares'!N297*'provincia (%)'!K93 -> 30489.526 | G97: ='proyección hogares'!M297*'provincia (%)'!K93 -> 31521.757 | H97: ='proyección hogares'!L297*'provincia (%)'!K93 -> 32553.024 | I97: ='proyección hogares'!K297*'provincia (%)'!K93 -> 33525.5 | J97: ='proyección hogares'!J297*'provincia (%)'!K93 -> 34473.237 | K97: ='proyección hogares'!I297*'provincia (%)'!K93 -> 35388.527 | L97: ='proyección hogares'!H297*'provincia (%)'!K93 -> 36286.468 | M97: ='proyección hogares'!G297*'provincia (%)'!K93 -> 37153.889 | N97: ='proyección hogares'!F297*'provincia (%)'!K93 -> 38018.098 | O97: ='proyección hogares'!E297*'provincia (%)'!K93 -> 38879.093 | P97: ='proyección hogares'!D297*'provincia (%)'!K93 -> 39719.207 | Q97: ='proyección hogares'!C297*'provincia (%)'!K93 -> 40560.926 | R97: ='proyección hogares'!B297*'provincia (%)'!K93 -> 41378.23
B98: Hombre | C98: ='proyección hogares'!Q297*'provincia (%)'!K94 -> 17668.117 | D98: ='proyección hogares'!P297*'provincia (%)'!K94 -> 18349.881 | E98: ='proyección hogares'!O297*'provincia (%)'!K94 -> 19033.098 | F98: ='proyección hogares'!N297*'provincia (%)'!K94 -> 19708.216 | G98: ='proyección hogares'!M297*'provincia (%)'!K94 -> 20375.443 | H98: ='proyección hogares'!L297*'provincia (%)'!K94 -> 21042.047 | I98: ='proyección hogares'!K297*'provincia (%)'!K94 -> 21670.648 | J98: ='proyección hogares'!J297*'provincia (%)'!K94 -> 22283.259 | K98: ='proyección hogares'!I297*'provincia (%)'!K94 -> 22874.896 | L98: ='proyección hogares'!H297*'provincia (%)'!K94 -> 23455.319 | M98: ='proyección hogares'!G297*'provincia (%)'!K94 -> 24016.014 | N98: ='proyección hogares'!F297*'provincia (%)'!K94 -> 24574.632 | O98: ='proyección hogares'!E297*'provincia (%)'!K94 -> 25131.173 | P98: ='proyección hogares'!D297*'provincia (%)'!K94 -> 25674.217 | Q98: ='proyección hogares'!C297*'provincia (%)'!K94 -> 26218.298 | R98: ='proyección hogares'!B297*'provincia (%)'!K94 -> 26746.597
B99: Mujer | C99: ='proyección hogares'!Q297*'provincia (%)'!K95 -> 35506.569 | D99: ='proyección hogares'!P297*'provincia (%)'!K95 -> 36876.669 | E99: ='proyección hogares'!O297*'provincia (%)'!K95 -> 38249.689 | F99: ='proyección hogares'!N297*'provincia (%)'!K95 -> 39606.434 | G99: ='proyección hogares'!M297*'provincia (%)'!K95 -> 40947.321 | H99: ='proyección hogares'!L297*'provincia (%)'!K95 -> 42286.955 | I99: ='proyección hogares'!K297*'provincia (%)'!K95 -> 43550.218 | J99: ='proyección hogares'!J297*'provincia (%)'!K95 -> 44781.346 | K99: ='proyección hogares'!I297*'provincia (%)'!K95 -> 45970.323 | L99: ='proyección hogares'!H297*'provincia (%)'!K95 -> 47136.765 | M99: ='proyección hogares'!G297*'provincia (%)'!K95 -> 48263.56 | N99: ='proyección hogares'!F297*'provincia (%)'!K95 -> 49386.182 | O99: ='proyección hogares'!E297*'provincia (%)'!K95 -> 50504.631 | P99: ='proyección hogares'!D297*'provincia (%)'!K95 -> 51595.953 | Q99: ='proyección hogares'!C297*'provincia (%)'!K95 -> 52689.361 | R99: ='proyección hogares'!B297*'provincia (%)'!K95 -> 53751.053
A100: Barcelona | B100: Ambos Sexos | C100: ='proyección hogares'!Q304*'provincia (%)'!K45 -> 220965.92 | D100: ='proyección hogares'!P304*'provincia (%)'!K45 -> 228325.77 | E100: ='proyección hogares'!O304*'provincia (%)'!K45 -> 235887.14 | F100: ='proyección hogares'!N304*'provincia (%)'!K45 -> 243184.76 | G100: ='proyección hogares'!M304*'provincia (%)'!K45 -> 250407.17 | H100: ='proyección hogares'!L304*'provincia (%)'!K45 -> 257615.89 | I100: ='proyección hogares'!K304*'provincia (%)'!K45 -> 264324.51 | J100: ='proyección hogares'!J304*'provincia (%)'!K45 -> 270705.29 | K100: ='proyección hogares'!I304*'provincia (%)'!K45 -> 276882.71 | L100: ='proyección hogares'!H304*'provincia (%)'!K45 -> 282973.81 | M100: ='proyección hogares'!G304*'provincia (%)'!K45 -> 288813.75 | N100: ='proyección hogares'!F304*'provincia (%)'!K45 -> 294573.69 | O100: ='proyección hogares'!E304*'provincia (%)'!K45 -> 300261.75 | P100: ='proyección hogares'!D304*'provincia (%)'!K45 -> 305824.61 | Q100: ='proyección hogares'!C304*'provincia (%)'!K45 -> 311298.94 | R100: ='proyección hogares'!B304*'provincia (%)'!K45 -> 316588.04
...

Sheet proyección hogares unipersona.
A1: Proyección de Hogares Unipersonales por Territorio y Año
A2: Serie 2024–2039 · Hogares de personas residentes en viviendas familiares en España a 1 de enero
A3: Territorio | B3: 2024 | C3: 2025 | D3: 2026 | E3: 2027 | F3: 2028 | G3: 2029 | H3: 2030 | I3: 2031 | J3: 2032 | K3: 2033 | L3: 2034 | M3: 2035 | N3: 2036 | O3: 2037 | P3: 2038 | Q3: 2039
A4: Total Nacional | B4: 5433969 | C4: 5611451 | D4: 5789248 | E4: 5961960 | F4: 6132953 | G4: 6303421 | H4: 6463401 | I4: 6615200 | J4: 6762485 | K4: 6907696 | L4: 7046473 | M4: 7183233 | N4: 7318562 | O4: 7451795 | P4: 7582691 | Q4: 7708869
A5: Andalucía | B5: 903822 | C5: 937903 | D5: 971878 | E5: 1004529 | F5: 1037113 | G5: 1069331 | H5: 1099254 | I5: 1127239 | J5: 1154689 | K5: 1181731 | L5: 1207555 | M5: 1232803 | N5: 1257728 | O5: 1282246 | P5: 1306426 | Q5: 1329776
A6: Málaga | B6: 194560 | C6: 202935 | D6: 211338 | E6: 219425 | F6: 227312 | G6: 234873 | H6: 241904 | I6: 248477 | J6: 254835 | K6: 261051 | L6: 266932 | M6: 272672 | N6: 278311 | O6: 283841 | P6: 289278 | Q6: 294550
A7: Jaén | B7: 70607 | C7: 72644 | D7: 74595 | E7: 76335 | F7: 78173 | G7: 80088 | H7: 81807 | I7: 83312 | J7: 84765 | K7: 86316 | L7: 87784 | M7: 89152 | N7: 90517 | O7: 91904 | P7: 93228 | Q7: 94569
A8: Almería | B8: 79818 | C8: 83189 | D8: 86578 | E8: 89954 | F8: 93244 | G8: 96480 | H8: 99486 | I8: 102360 | J8: 105144 | K8: 107855 | L8: 110483 | M8: 113077 | N8: 115681 | O8: 118267 | P8: 120874 | Q8: 123442
A9: Huelva | B9: 55051 | C9: 56979 | D9: 58894 | E9: 60730 | F9: 62637 | G9: 64517 | H9: 66252 | I9: 67887 | J9: 69486 | K9: 71039 | L9: 72541 | M9: 74023 | N9: 75483 | O9: 76912 | P9: 78335 | Q9: 79681
A10: Cádiz | B10: 121834 | C10: 126498 | D10: 131145 | E10: 135685 | F10: 140149 | G10: 144608 | H10: 148776 | I10: 152735 | J10: 156582 | K10: 160391 | L10: 164002 | M10: 167515 | N10: 170993 | O10: 174375 | P10: 177737 | Q10: 180901
A11: Sevilla | B11: 182224 | C11: 188943 | D11: 195682 | E11: 202110 | F11: 208633 | G11: 215193 | H11: 221370 | I11: 227181 | J11: 233008 | K11: 238743 | L11: 244255 | M11: 249673 | N11: 255031 | O11: 260250 | P11: 265448 | Q11: 270429
A12: Granada | B12: 117197 | C12: 121410 | D12: 125657 | E12: 129795 | F12: 133897 | G12: 137933 | H12: 141655 | I12: 145170 | J12: 148617 | K12: 151945 | L12: 155132 | M12: 158287 | N12: 161383 | O12: 164458 | P12: 167425 | Q12: 170310
A13: Córdoba | B13: 82531 | C13: 85305 | D13: 87989 | E13: 90495 | F13: 93068 | G13: 95639 | H13: 98004 | I13: 100117 | J13: 102252 | K13: 104391 | L13: 106426 | M13: 108404 | N13: 110329 | O13: 112239 | P13: 114101 | Q13: 115894
A14: Aragón | B14: 171369 | C14: 176982 | D14: 182646 | E14: 188257 | F14: 193860 | G14: 199493 | H14: 204831 | I14: 210001 | J14: 215054 | K14: 220105 | L14: 224960 | M14: 229711 | N14: 234502 | O14: 239182 | P14: 243831 | Q14: 248263
A15: Zaragoza | B15: 123376 | C15: 127435 | D15: 131554 | E15: 135656 | F15: 139747 | G15: 143861 | H15: 147742 | I15: 151517 | J15: 155204 | K15: 158889 | L15: 162399 | M15: 165876 | N15: 169362 | O15: 172778 | P15: 176152 | Q15: 179379
... A75: Melilla | B75: 5188 | C75: 5439 | D75: 5683 | E75: 5924 | F75: 6161 | G75: 6390 | H75: 6617 | I75: 6847 | J75: 7070 | K75: 7288 | L75: 7496 | M75: 7705 | N75: 7905 | O75: 8101 | P75: 8297 | Q75: 8485
A77: Fuente: INE – Proyecciones de Hogares 2024–2039

Sheet provincia (%)
A1: Año 2021
A2: Datos provinciales
A4: Hogares de una sola persona (unipersonales) según sexo y edad.
A5: Unidades: Hogares
B7: Menos de 30 años | C7: De 30 a 39 años | D7: De 40 a 49 años | E7: De 50 a 59 años | F7: De 60 a 69 años | G7: De 70 a 79 años | H7: De 80 y más años | I7: Total | K7: PORCENTAJE DE MAYORES DE 70
A8: Total Nacional
A9: Ambos Sexos | B9: 215287 | C9: 634371 | D9: 827023 | E9: 757655 | F9: 836056 | G9: 856096 | H9: 855206 | I9: 4981696 | K9: =((G9+H9)/I9) -> 0.34351795
A10: Hombre | B10: 125071 | C10: 371935 | D10: 527786 | E10: 466676 | F10: 364671 | G10: 251839 | H10: 204547 | I10: 2312523 | K10: =((G10+H10)/I10) -> 0.19735415
A11: Mujer | B11: 90217 | C11: 262437 | D11: 299237 | E11: 290979 | F11: 471386 | G11: 604258 | H11: 650659 | I11: 2669173 | K11: =((G11+H11)/I11) -> 0.47015199
A12: Albacete
A13: Ambos Sexos | B13: 2438 | C13: 5629 | D13: 5838 | E13: 4684 | F13: 5326 | G13: 7588 | H13: 8467 | I13: 39969 | K13: =((G13+H13)/I13) -> 0.40168631
A14: Hombre | B14: 1453 | C14: 3880 | D14: 4213 | E14: 3046 | F14: 2348 | G14: 2137 | H14: 2988 | I14: 20066 | K14: =((G14+H14)/I14) -> 0.25540716
A15: Mujer | B15: 984 | C15: 1748 | D15: 1625 | E15: 1638 | F15: 2978 | G15: 5451 | H15: 5479 | I15: 19903 | K15: =((G15+H15)/I15) -> 0.54916344
A16: Alicante/Alacant
A17: Ambos Sexos | B17: 9340 | C17: 20068 | D17: 30014 | E17: 33345 | F17: 39127 | G17: 39634 | H17: 34786 | I17: 206314 | K17: =((G17+H17)/I17) -> 0.36071231
A18: Hombre | B18: 5590 | C18: 10223 | D18: 19957 | E18: 18877 | F18: 17410 | G18: 15080 | H18: 8075 | I18: 95212 | K18: =((G18+H18)/I18) -> 0.24319414
A19: Mujer | B19: 3750 | C19: 9846 | D19: 10057 | E19: 14468 | F19: 21717 | G19: 24554 | H19: 26711 | I19: 111102 | K19: =((G19+H19)/I19) -> 0.46142284
A20: Almería
A21: Ambos Sexos | B21: 3214 | C21: 11249 | D21: 8515 | E21: 8170 | F21: 10853 | G21: 11916 | H21: 7679 | I21: 61595 | K21: =((G21+H21)/I21) -> 0.31812647
A22: Hombre | B22: 1932 | C22: 8362 | D22: 5932 | E22: 5510 | F22: 4961 | G22: 3940 | H22: 1988 | I22: 32626 | K22: =((G22+H22)/I22) -> 0.18169558
A23: Mujer | B23: 1282 | C23: 2887 | D23: 2582 | E23: 2660 | F23: 5892 | G23: 7975 | H23: 5691 | I23: 28969 | K23: =((G23+H23)/I23) -> 0.47174566
A24: Araba/Álava
A25: Ambos Sexos | B25: 2190 | C25: 5674 | D25: 8605 | E25: 6661 | F25: 6957 | G25: 5788 | H25: 7624 | I25: 43499 | K25: =((G25+H25)/I25) -> 0.30832893
A26: Hombre | B26: 1261 | C26: 3102 | D26: 5493 | E26: 3951 | F26: 3654 | G26: 2054 | H26: 1864 | I26: 21379 | K26: =((G26+H26)/I26) -> 0.18326395
A27: Mujer | B27: 929 | C27: 2572 | D27: 3113 | E27: 2710 | F27: 3303 | G27: 3734 | H27: 5760 | I27: 22120 | K27: =((G27+H27)/I27) -> 0.42920434
A28: Asturias
A29: Ambos Sexos | B29: 4778 | C29: 13936 | D29: 21729 | E29: 21403 | F29: 25337 | G29: 28597 | H29: 26929 | I29: 142709 | K29: =((G29+H29)/I29) -> 0.38908548
A30: Hombre | B30: 1637 | C30: 8669 | D30: 13304 | E30: 14693 | F30: 10652 | G30: 9155 | H30: 4165 | I30: 62275 | K30: =((G30+H30)/I30) -> 0.21389
A31: Mujer | B31: 3141 | C31: 5267 | D31: 8425 | E31: 6709 | F31: 14686 | G31: 19442 | H31: 22764 | I31: 80434 | K31: =((G31+H31)/I31) -> 0.52472835
A32: Ávila
A33: Ambos Sexos | B33: 798 | C33: 2525 | D33: 2541 | E33: 2870 | F33: 4101 | G33: 3003 | H33: 5094 | I33: 20933 | K33: =((G33+H33)/I33) -> 0.38680552
A34: Hombre | B34: 694 | C34: 2024 | D34: 1733 | E34: 1945 | F34: 2415 | G34: 1150 | H34: 1266 | I34: 11227 | K34: =((G34+H34)/I34) -> 0.21519551
A35: Mujer | B35: . | C35: 501 | D35: 808 | E35: 925 | F35: 1687 | G35: 1853 | H35: 3829 | I35: 9706 | K35: =((G35+H35)/I35) -> 0.58541109
A36: Badajoz
A37: Ambos Sexos | B37: 3551 | C37: 9935 | D37: 12032 | E37: 8382 | F37: 10902 | G37: 12834 | H37: 14372 | I37: 72008 | K37: =((G37+H37)/I37) -> 0.37781913
A38: Hombre | B38: 2073 | C38: 5999 | D38: 8470 | E38: 5279 | F38: 5429 | G38: 4090 | H38: 3172 | I38: 34512 | K38: =((G38+H38)/I38) -> 0.21041956
A39: Mujer | B39: 1478 | C39: 3936 | D39: 3562 | E39: 3103 | F39: 5473 | G39: 8745 | H39: 11200 | I39: 37496 | K39: =((G39+H39)/I39) -> 0.53192341
A40: Balears, Illes
A41: Ambos Sexos | B41: 4334 | C41: 22248 | D41: 27375 | E41: 16360 | F41: 14937 | G41: 15102 | H41: 12102 | I41: 112457 | K41: =((G41+H41)/I41) -> 0.2419058
A42: Hombre | B42: 916 | C42: 10723 | D42: 17571 | E42: 10478 | F42: 6158 | G42: 4916 | H42: 2987 | I42: 53749 | K42: =((G42+H42)/I42) -> 0.14703529
A43: Mujer | B43: 3418 | C43: 11524 | D43: 9804 | E43: 5883 | F43: 8778 | G43: 10186 | H43: 9115 | I43: 58708 | K43: =((G43+H43)/I43) -> 0.32876269
A44: Barcelona
A45: Ambos Sexos | B45: 19404 | C45: 77773 | D45: 99448 | E45: 84289 | F45: 91901 | G45: 115134 | H45: 104232 | I45: 592181 | K45: =((G45+H45)/I45) -> 0.37043742
A46: Hombre | B46: 12116 | C46: 47480 | D46: 62029 | E46: 50531 | F46: 34785 | G46: 27670 | H46: 26106 | I46: 260716 | K46: =((G46+H46)/I46) -> 0.20626275
A47: Mujer | B47: 7288 | C47: 30293 | D47: 37419 | E47: 33758 | F47: 57116 | G47: 87464 | H47: 78126 | I47: 331465 | K47: =((G47+H47)/I47) -> 0.49957009
A48: Bizkaia
A49: Ambos Sexos | B49: 3886 | C49: 13824 | D49: 26707 | E49: 22310 | F49: 25934 | G49: 23145 | H49: 25308 | I49: 141115 | K49: =((G49+H49)/I49) -> 0.34335825
A50: Hombre | B50: 2275 | C50: 7455 | D50: 17049 | E50: 13344 | F50: 10575 | G50: 4649 | H50: 4366 | I50: 59713 | K50: =((G50+H50)/I50) -> 0.15097215
A51: Mujer | B51: 1612 | C51: 6368 | D51: 9658 | E51: 8967 | F51: 15359 | G51: 18496 | H51: 20942 | I51: 81402 | K51: =((G51+H51)/I51) -> 0.48448441
A52: Burgos
A53: Ambos Sexos | B53: 2710 | C53: 3766 | D53: 8329 | E53: 7298 | F53: 7292 | G53: 8345 | H53: 9869 | I53: 47608 | K53: =((G53+H53)/I53) -> 0.38258276
A54: Hombre | B54: 1259 | C54: 2670 | D54: 5667 | E54: 5086 | F54: 3578 | G54: 3648 | H54: 2527 | I54: 24434 | K54: =((G54+H54)/I54) -> 0.25272162
A55: Mujer | B55: 1451 | C55: 1096 | D55: 2662 | E55: 2212 | F55: 3714 | G55: 4696 | H55: 7342 | I55: 23174 | K55: =((G55+H55)/I55) -> 0.51946147
A56: Cáceres
A57: Ambos Sexos | B57: 3459 | C57: 6848 | D57: 5514 | E57: 6206 | F57: 8465 | G57: 9499 | H57: 9751 | I57: 49741 | K57: =((G57+H57)/I57) -> 0.38700468
A58: Hombre | B58: 2745 | C58: 4735 | D58: 4382 | E58: 4240 | F58: 4378 | G58: 3445 | H58: 2506 | I58: 26430 | K58: =((G58+H58)/I58) -> 0.2251608
A59: Mujer | B59: 714 | C59: 2113 | D59: 1133 | E59: 1965 | F59: 4087 | G59: 6054 | H59: 7245 | I59: 23311 | K59: =((G59+H59)/I59) -> 0.5705032
A60: Cádiz
A61: Ambos Sexos | B61: 6309 | C61: 16032 | D61: 16217 | E61: 17517 | F61: 19095 | G61: 19419 | H61: 17876 | I61: 112464 | K61: =((G61+H61)/I61) -> 0.33161723
A62: Hombre | B62: 4231 | C62: 10393 | D62: 11046 | E62: 10376 | F62: 8073 | G62: 6107 | H62: 4146 | I62: 54371 | K62: =((G62+H62)/I62) -> 0.18857479
A63: Mujer | B63: 2078 | C63: 5639 | D63: 5171 | E63: 7141 | F63: 11022 | G63: 13312 | H63: 13730 | I63: 58093 | K63: =((G63+H63)/I63) -> 0.46549498
A64: Cantabria
A65: Ambos Sexos | B65: 3322 | C65: 9274 | D65: 10709 | E65: 10839 | F65: 13081 | G65: 11930 | H65: 12066 | I65: 71221 | K65: =((G65+H65)/I65) -> 0.3369231
A66: Hombre | B66: 1556 | C66: 5927 | D66: 7645 | E66: 5915 | F66: 6336 | G66: 4214 | H66: 2785 | I66: 34379 | K66: =((G66+H66)/I66) -> 0.20358358
A67: Mujer | B67: 1766 | C67: 3347 | D67: 3064 | E67: 4924 | F67: 6744 | G67: 7715 | H67: 9281 | I67: 36842 | K67: =((G67+H67)/I67) -> 0.46132132
A68: Castellón/Castelló
A69: Ambos Sexos | B69: 5097 | C69: 6652 | D69: 9043 | E69: 9774 | F69: 11975 | G69: 9702 | H69: 11880 | I69: 64124 | K69: =((G69+H69)/I69) -> 0.33656665
A70: Hombre | B70: 2501 | C70: 4349 | D70: 6189 | E70: 6645 | F70: 5375 | G70: 3685 | H70: 2946 | I70: 31690 | K70: =((G70+H70)/I70) -> 0.20924582
A71: Mujer | B71: 2596 | C71: 2303 | D71: 2854 | E71: 3129 | F71: 6600 | G71: 6016 | H71: 8934 | I71: 32434 | K71: =((G71+H71)/I71) -> 0.46093605
A72: Ciudad Real
A73: Ambos Sexos | B73: 3207 | C73: 6530 | D73: 6706 | E73: 6997 | F73: 7016 | G73: 9358 | H73: 11484 | I73: 51299 | K73: =((G73+H73)/I73) -> 0.40628472
A74: Hombre | B74: 2874 | C74: 4739 | D74: 4577 | E74: 4347 | F74: 2702 | G74: 2591 | H74: 2796 | I74: 24626 | K74: =((G74+H74)/I74) -> 0.21875254
A75: Mujer | B75: 333 | C75: 1791 | D75: 2129 | E75: 2651 | F75: 4314 | G75: 6768 | H75: 8688 | I75: 26673 | K75: =((G75+H75)/I75) -> 0.57946238
A76: Córdoba
A77: Ambos Sexos | B77: 5477 | C77: 10955 | D77: 9944 | E77: 10673 | F77: 11230 | G77: 13580 | H77: 17098 | I77: 78958 | K77: =((G77+H77)/I77) -> 0.38853568
A78: Hombre | B78: 4172 | C78: 7956 | D78: 6831 | E78: 5440 | F78: 5599 | G78: 3435 | H78: 3939 | I78: 37372 | K78: =((G78+H78)/I78) -> 0.1973135
A79: Mujer | B79: 1305 | C79: 2999 | D79: 3113 | E79: 5234 | F79: 5631 | G79: 10144 | H79: 13160 | I79: 41586 | K79: =((G79+H79)/I79) -> 0.5603809
A80: Coruña, A
A81: Ambos Sexos | B81: 6898 | C81: 13645 | D81: 18359 | E81: 18023 | F81: 23744 | G81: 20816 | H81: 22606 | I81: 124091 | K81: =((G81+H81)/I81) -> 0.34992062
A82: Hombre | B82: 3539 | C82: 8006 | D82: 9792 | E82: 9670 | F82: 11349 | G82: 6597 | H82: 5483 | I82: 54437 | K82: =((G82+H82)/I82) -> 0.22190789
A83: Mujer | B83: 3359 | C83: 5640 | D83: 8567 | E83: 8352 | F83: 12394 | G83: 14219 | H83: 17123 | I83: 69654 | K83: =((G83+H83)/I83) -> 0.44996698
A84: Cuenca
A85: Ambos Sexos | B85: 1261 | C85: 2582 | D85: 4208 | E85: 2330 | F85: 3833 | G85: 3277 | H85: 3839 | I85: 21330 | K85: =((G85+H85)/I85) -> 0.33361463
A86: Hombre | B86: 896 | C86: 2032 | D86: 3177 | E86: 1626 | F86: 2220 | G86: 990 | H86: 1216 | I86: 12157 | K86: =((G86+H86)/I86) -> 0.18145924
A87: Mujer | B87: 365 | C87: 550 | D87: 1031 | E87: 705 | F87: 1613 | G87: 2286 | H87: 2623 | I87: 9173 | K87: =((G87+H87)/I87) -> 0.53515753
A88: Gipuzkoa
A89: Ambos Sexos | B89: 2333 | C89: 8020 | D89: 13668 | E89: 10652 | F89: 10235 | G89: 14948 | H89: 14926 | I89: 74782 | K89: =((G89+H89)/I89) -> 0.39948116
A90: Hombre | B90: 1298 | C90: 4870 | D90: 8938 | E90: 5458 | F90: 3860 | G90: 3961 | H90: 2560 | I90: 30945 | K90: =((G90+H90)/I90) -> 0.21072871
A91: Mujer | B91: 1035 | C91: 3150 | D91: 4730 | E91: 5194 | F91: 6375 | G91: 10986 | H91: 12366 | I91: 43837 | K91: =((G91+H91)/I91) -> 0.53270069
A92: Girona
A93: Ambos Sexos | B93: 2365 | C93: 5818 | D93: 13758 | E93: 12906 | F93: 16022 | G93: 11755 | H93: 12323 | I93: 74947 | K93: =((G93+H93)/I93) -> 0.32126703
A94: Hombre | B94: 1191 | C94: 2417 | D94: 7295 | E94: 8735 | F94: 7570 | G94: 3526 | H94: 3605 | I94: 34339 | K94: =((G94+H94)/I94) -> 0.20766475
A95: Mujer | B95: . | C95: 3400 | D95: 6464 | E95: 4172 | F95: 8452 | G95: 8229 | H95: 8718 | I95: 40608 | K95: =((G95+H95)/I95) -> 0.41733156
A96: Granada
A97: Ambos Sexos | B97: 7264 | C97: 12816 | D97: 15829 | E97: 15575 | F97: 19883 | G97: 16850 | H97: 18029 | I97: 106246 | K97: =((G97+H97)/I97) -> 0.3282853
A98: Hombre | B98: 5193 | C98: 8563 | D98: 10502 | E98: 9694 | F98: 10163 | G98: 4563 | H98: 3434 | I98: 52112 | K98: =((G98+H98)/I98) -> 0.15345794
A99: Mujer | B99: 2071 | C99: 4253 | D99: 5327 | E99: 5881 | F99: 9720 | G99: 12287 | H99: 14595 | I99: 54134 | K99: =((G99+H99)/I99) -> 0.49658255
A100: Guadalajara
A101: Ambos Sexos | B101: 1047 | C101: 5112 | D101: 4984 | E101: 5113 | F101: 4300 | G101: 2644 | H101: 3393 | I101: 26593 | K101: =((G101+H101)/I101) -> 0.22701463
A102: Hombre | B102: 753 | C102: 3432 | D102: 3703 | E102: 3515 | F102: 2772 | G102: 943 | H102: 1265 | I102: 16382 | K102: =((G102+H102)/I102) -> 0.13478208
...

Sheet proyección hogares
A1: Proyecciones de hogares
A2: Resultados por comunidades, provincias y ciudades autónomas. Serie 2024-2039
A4: Hogares de personas residentes en viviendas familiares en España a 1 de enero, por tamaño del hogar y año
A5: Unidades: Personas, Hogares
B7: 2039 | C7: 2038 | D7: 2037 | E7: 2036 | F7: 2035 | G7: 2034 | H7: 2033 | I7: 2032 | J7: 2031 | K7: 2030 | L7: 2029 | M7: 2028 | N7: 2027 | O7: 2026 | P7: 2025 | Q7: 2024
A8: Total Nacional
A9: Total | B9: 23001927 | C9: 22838031 | D9: 22667026 | E9: 22489804 | F9: 22307244 | G9: 22118643 | H9: 21922903 | I9: 21712140 | J9: 21487754 | K9: 21244779 | L9: 20977839 | M9: 20681965 | N9: 20364411 | O9: 20026547 | P9: 19671198 | Q9: 19310776
A10: 1 persona | B10: 7708869 | C10: 7582691 | D10: 7451795 | E10: 7318562 | F10: 7183233 | G10: 7046473 | H10: 6907696 | I10: 6762485 | J10: 6615200 | K10: 6463401 | L10: 6303421 | M10: 6132953 | N10: 5961960 | O10: 5789248 | P10: 5611451 | Q10: 5433969
A11: 2 personas | B11: 7202370 | C11: 7122347 | D11: 7037709 | E11: 6947721 | F11: 6855160 | G11: 6759871 | H11: 6663567 | I11: 6561871 | J11: 6455648 | K11: 6344058 | L11: 6226729 | M11: 6101831 | N11: 5970254 | O11: 5834480 | P11: 5695627 | Q11: 5554171
A12: 3 personas | B12: 3911568 | C12: 3926621 | D12: 3941358 | E12: 3955399 | F12: 3968280 | G12: 3979504 | H12: 3988675 | I12: 3995120 | J12: 3997563 | K12: 3995309 | L12: 3988031 | M12: 3974940 | N12: 3955340 | O12: 3929228 | P12: 3899122 | Q12: 3867242
A13: 4 personas o más | B13: 4179120 | C13: 4206372 | D13: 4236164 | E13: 4268122 | F13: 4300571 | G13: 4332795 | H13: 4362965 | I13: 4392664 | J13: 4419343 | K13: 4442011 | L13: 4459658 | M13: 4472241 | N13: 4476857 | O13: 4473591 | P13: 4464998 | Q13: 4455394
A14: Tamaño medio | B14: 2.32 | C14: 2.33 | D14: 2.34 | E14: 2.35 | F14: 2.36 | G14: 2.37 | H14: 2.38 | I14: 2.4 | J14: 2.41 | K14: 2.42 | L14: 2.43 | M14: 2.45 | N14: 2.46 | O14: 2.47 | P14: 2.49 | Q14: 2.5
A15: Andalucía
A16: Total | B16: 4027872 | C16: 3998168 | D16: 3967189 | E16: 3935149 | F16: 3902257 | G16: 3868295 | H16: 3833061 | I16: 3795269 | J16: 3755318 | K16: 3712514 | L16: 3665514 | M16: 3613497 | N16: 3557773 | O16: 3499034 | P16: 3437071 | Q16: 3373700
A17: 1 persona | B17: 1329776 | C17: 1306426 | D17: 1282246 | E17: 1257728 | F17: 1232803 | G17: 1207555 | H17: 1181731 | I17: 1154689 | J17: 1127239 | K17: 1099254 | L17: 1069331 | M17: 1037113 | N17: 1004529 | O17: 971878 | P17: 937903 | Q17: 903822
A18: 2 personas | B18: 1262876 | C18: 1247265 | D18: 1230812 | E18: 1213395 | F18: 1195611 | G18: 1177277 | H18: 1158740 | I18: 1139172 | J18: 1118817 | K18: 1097358 | L18: 1074874 | M18: 1051016 | N18: 1025786 | O18: 999903 | P18: 973526 | Q18: 946351
A19: 3 personas | B19: 715490 | C19: 716738 | D19: 717875 | E19: 718773 | F19: 719462 | G19: 719850 | H19: 719962 | I19: 719626 | J19: 718628 | K19: 716845 | L19: 714348 | M19: 710975 | N19: 706655 | O19: 701234 | P19: 695282 | Q19: 689011
A20: 4 personas o más | B20: 719730 | C20: 727739 | D20: 736256 | E20: 745253 | F20: 754381 | G20: 763613 | H20: 772628 | I20: 781782 | J20: 790634 | K20: 799057 | L20: 806961 | M20: 814393 | N20: 820803 | O20: 826019 | P20: 830360 | Q20: 834516
A21: Tamaño medio | B21: 2.3 | C21: 2.31 | D21: 2.33 | E21: 2.34 | F21: 2.35 | G21: 2.37 | H21: 2.38 | I21: 2.4 | J21: 2.42 | K21: 2.43 | L21: 2.45 | M21: 2.47 | N21: 2.49 | O21: 2.51 | P21: 2.52 | Q21: 2.54
A22: Málaga
A23: Total | B23: 910811 | C23: 901533 | D23: 891947 | E23: 882094 | F23: 871931 | G23: 861388 | H23: 850328 | I23: 838417 | J23: 825684 | K23: 811873 | L23: 796629 | M23: 779738 | N23: 761251 | O23: 741414 | P23: 720380 | Q23: 698969
A24: 1 persona | B24: 294550 | C24: 289278 | D24: 283841 | E24: 278311 | F24: 272672 | G24: 266932 | H24: 261051 | I24: 254835 | J24: 248477 | K24: 241904 | L24: 234873 | M24: 227312 | N24: 219425 | O24: 211338 | P24: 202935 | Q24: 194560
A25: 2 personas | B25: 286802 | C25: 282451 | D25: 277932 | E25: 273268 | F25: 268487 | G25: 263581 | H25: 258524 | I25: 253200 | J25: 247645 | K25: 241784 | L25: 235561 | M25: 228923 | N25: 221804 | O25: 214393 | P25: 206725 | Q25: 198926
A26: 3 personas | B26: 162765 | C26: 162208 | D26: 161608 | E26: 160949 | F26: 160224 | G26: 159396 | H26: 158454 | I26: 157355 | J26: 156026 | K26: 154424 | L26: 152535 | M26: 150307 | N26: 147724 | O26: 144770 | P26: 141558 | Q26: 138234
A27: 4 personas o más | B27: 166694 | C27: 167596 | D27: 168566 | E27: 169566 | F27: 170548 | G27: 171479 | H27: 172299 | I27: 173027 | J27: 173536 | K27: 173761 | L27: 173660 | M27: 173196 | N27: 172298 | O27: 170913 | P27: 169162 | Q27: 167249
A28: Tamaño medio | B28: 2.34 | C28: 2.35 | D28: 2.36 | E28: 2.37 | F28: 2.39 | G28: 2.4 | H28: 2.41 | I28: 2.42 | J28: 2.43 | K28: 2.45 | L28: 2.46 | M28: 2.47 | N28: 2.48 | O28: 2.5 | P28: 2.51 | Q28: 2.52
A29: Jaén
A30: Total | B30: 265031 | C30: 264690 | D30: 264318 | E30: 263834 | F30: 263323 | G30: 262783 | H30: 262133 | I30: 261346 | J30: 260560 | K30: 259648 | L30: 258498 | M30: 257094 | N30: 255631 | O30: 254179 | P30: 252484 | Q30: 250644
A31: 1 persona | B31: 94569 | C31: 93228 | D31: 91904 | E31: 90517 | F31: 89152 | G31: 87784 | H31: 86316 | I31: 84765 | J31: 83312 | K31: 81807 | L31: 80088 | M31: 78173 | N31: 76335 | O31: 74595 | P31: 72644 | Q31: 70607
A32: 2 personas | B32: 87822 | C32: 87339 | D32: 86777 | E32: 86101 | F32: 85348 | G32: 84553 | H32: 83720 | I32: 82783 | J32: 81766 | K32: 80663 | L32: 79499 | M32: 78242 | N32: 76876 | O32: 75514 | P32: 74055 | Q32: 72486
A33: 3 personas | B33: 42969 | C33: 43482 | D33: 43989 | E33: 44489 | F33: 44980 | G33: 45462 | H33: 45950 | I33: 46423 | J33: 46858 | K33: 47272 | L33: 47684 | M33: 48079 | N33: 48442 | O33: 48749 | P33: 49068 | Q33: 49378
A34: 4 personas o más | B34: 39671 | C34: 40641 | D34: 41648 | E34: 42727 | F34: 43843 | G34: 44984 | H34: 46147 | I34: 47375 | J34: 48624 | K34: 49906 | L34: 51227 | M34: 52600 | N34: 53978 | O34: 55321 | P34: 56717 | Q34: 58173
A35: Tamaño medio | B35: 2.16 | C35: 2.17 | D35: 2.19 | E35: 2.21 | F35: 2.22 | G35: 2.24 | H35: 2.26 | I35: 2.28 | J35: 2.3 | K35: 2.32 | L35: 2.34 | M35: 2.36 | N35: 2.39 | O35: 2.41 | P35: 2.43 | Q35: 2.46
A36: Almería
A37: Total | B37: 388496 | C37: 383658 | D37: 378731 | E37: 373730 | F37: 368657 | G37: 363494 | H37: 358176 | I37: 352584 | J37: 346662 | K37: 340318 | L37: 333451 | M37: 325916 | N37: 317844 | O37: 309237 | P37: 300305 | Q37: 291239
A38: 1 persona | B38: 123442 | C38: 120874 | D38: 118267 | E38: 115681 | F38: 113077 | G38: 110483 | H38: 107855 | I38: 105144 | J38: 102360 | K38: 99486 | L38: 96480 | M38: 93244 | N38: 89954 | O38: 86578 | P38: 83189 | Q38: 79818
A39: 2 personas | B39: 116034 | C39: 114060 | D39: 112026 | E39: 109904 | F39: 107773 | G39: 105618 | H39: 103442 | I39: 101195 | J39: 98859 | K39: 96415 | L39: 93842 | M39: 91105 | N39: 88239 | O39: 85252 | P39: 82233 | Q39: 79162
A40: 3 personas | B40: 67574 | C40: 67277 | D40: 66964 | E40: 66625 | F40: 66258 | G40: 65853 | H40: 65403 | I40: 64893 | J40: 64298 | K40: 63597 | L40: 62781 | M40: 61832 | N40: 60747 | O40: 59520 | P40: 58197 | Q40: 56832
A41: 4 personas o más | B41: 81446 | C41: 81447 | D41: 81474 | E41: 81520 | F41: 81549 | G41: 81540 | H41: 81476 | I41: 81352 | J41: 81145 | K41: 80820 | L41: 80348 | M41: 79735 | N41: 78904 | O41: 77887 | P41: 76686 | Q41: 75427
A42: Tamaño medio | B42: 2.43 | C42: 2.44 | D42: 2.45 | E42: 2.46 | F42: 2.47 | G42: 2.48 | H42: 2.5 | I42: 2.51 | J42: 2.52 | K42: 2.53 | L42: 2.54 | M42: 2.56 | N42: 2.57 | O42: 2.58 | P42: 2.59 | Q42: 2.6
A43: Huelva
A44: Total | B44: 246177 | C44: 244461 | D44: 242654 | E44: 240799 | F44: 238893 | G44: 236923 | H44: 234879 | I44: 232701 | J44: 230373 | K44: 227860 | L44: 225086 | M44: 221978 | N44: 218643 | O44: 215179 | P44: 211525 | Q44: 207758
A45: 1 persona | B45: 79681 | C45: 78335 | D45: 76912 | E45: 75483 | F45: 74023 | G45: 72541 | H45: 71039 | I45: 69486 | J45: 67887 | K45: 66252 | L45: 64517 | M45: 62637 | N45: 60730 | O45: 58894 | P45: 56979 | Q45: 55051
A46: 2 personas | B46: 75414 | C46: 74481 | D46: 73508 | E46: 72480 | F46: 71448 | G46: 70394 | H46: 69322 | I46: 68210 | J46: 67054 | K46: 65847 | L46: 64562 | M46: 63192 | N46: 61772 | O46: 60337 | P46: 58905 | Q46: 57413
A47: 3 personas | B47: 45860 | C47: 45960 | D47: 46051 | E47: 46132 | F47: 46193 | G47: 46228 | H47: 46238 | I47: 46216 | J47: 46151 | K47: 46025 | L47: 45846 | M47: 45602 | N47: 45288 | O47: 44888 | P47: 44444 | Q47: 43973
A48: 4 personas o más | B48: 45222 | C48: 45685 | D48: 46183 | E48: 46704 | F48: 47229 | G48: 47760 | H48: 48280 | I48: 48789 | J48: 49281 | K48: 49736 | L48: 50161 | M48: 50547 | N48: 50853 | O48: 51060 | P48: 51197 | Q48: 51321
A49: Tamaño medio | B49: 2.35 | C49: 2.37 | D49: 2.38 | E49: 2.39 | F49: 2.4 | G49: 2.42 | H49: 2.43 | I49: 2.45 | J49: 2.46 | K49: 2.47 | L49: 2.49 | M49: 2.5 | N49: 2.52 | O49: 2.53 | P49: 2.55 | Q49: 2.56
A50: Cádiz
A51: Total | B51: 559126 | C51: 555807 | D51: 552241 | E51: 548540 | F51: 544729 | G51: 540790 | H51: 536724 | I51: 532324 | J51: 527731 | K51: 522784 | L51: 517447 | M51: 511573 | N51: 505358 | O51: 498826 | P51: 492007 | Q51: 485013
A52: 1 persona | B52: 180901 | C52: 177737 | D52: 174375 | E52: 170993 | F52: 167515 | G52: 164002 | H52: 160391 | I52: 156582 | J52: 152735 | K52: 148776 | L52: 144608 | M52: 140149 | N52: 135685 | O52: 131145 | P52: 126498 | Q52: 121834
A53: 2 personas | B53: 177131 | C53: 174968 | D53: 172668 | E53: 170211 | F53: 167739 | G53: 165172 | H53: 162620 | I53: 159909 | J53: 157142 | K53: 154185 | L53: 151170 | M53: 147993 | N53: 144658 | O53: 141292 | P53: 137890 | Q53: 134391
A54: 3 personas | B54: 104504 | C54: 104970 | D54: 105430 | E54: 105842 | F54: 106229 | G54: 106575 | H54: 106894 | I54: 107163 | J54: 107352 | K54: 107462 | L54: 107494 | M54: 107441 | N54: 107275 | O54: 106993 | P54: 106659 | Q54: 106277
A55: 4 personas o más | B55: 96590 | C55: 98132 | D55: 99768 | E55: 101494 | F55: 103246 | G55: 105041 | H55: 106819 | I55: 108670 | J55: 110502 | K55: 112361 | L55: 114175 | M55: 115990 | N55: 117740 | O55: 119396 | P55: 120960 | Q55: 122511
A56: Tamaño medio | B56: 2.29 | C56: 2.3 | D56: 2.32 | E56: 2.34 | F56: 2.35 | G56: 2.37 | H56: 2.39 | I56: 2.41 | J56: 2.43 | K56: 2.45 | L56: 2.47 | M56: 2.49 | N56: 2.51 | O56: 2.53 | P56: 2.56 | Q56: 2.58
A57: Sevilla
A58: Total | B58: 861756 | C58: 856297 | D58: 850560 | E58: 844665 | F58: 838609 | G58: 832378 | H58: 826014 | I58: 819267 | J58: 812202 | K58: 804830 | L58: 796828 | M58: 788092 | N58: 778970 | O58: 769539 | P58: 759596 | Q58: 749472
A59: 1 persona | B59: 270429 | C59: 265448 | D59: 260250 | E59: 255031 | F59: 249673 | G59: 244255 | H59: 238743 | I59: 233008 | J59: 227181 | K59: 221370 | L59: 215193 | M59: 208633 | N59: 202110 | O59: 195682 | P59: 188943 | Q59: 182224
A60: 2 personas | B60: 269166 | C60: 265940 | D60: 262524 | E60: 258911 | F60: 255247 | G60: 251449 | H60: 247670 | I60: 243735 | J60: 239663 | K60: 235437 | L60: 231059 | M60: 226454 | N60: 221708 | O60: 216891 | P60: 212029 | Q60: 207049
A61: 3 personas | B61: 158519 | C61: 159048 | D61: 159563 | E61: 160019 | F61: 160444 | G61: 160814 | H61: 161148 | I61: 161407 | J61: 161561 | K61: 161574 | L61: 161488 | M61: 161277 | N61: 160943 | O61: 160446 | P61: 159903 | Q61: 159319
A62: 4 personas o más | B62: 163642 | C62: 165861 | D62: 168223 | E62: 170704 | F62: 173245 | G62: 175860 | H62: 178453 | I62: 181117 | J62: 183797 | K62: 186449 | L62: 189088 | M62: 191728 | N62: 194209 | O62: 196520 | P62: 198721 | Q62: 200880
A63: Tamaño medio | B63: 2.33 | C63: 2.35 | D63: 2.36 | E63: 2.38 | F63: 2.39 | G63: 2.41 | H63: 2.43 | I63: 2.45 | J63: 2.47 | K63: 2.49 | L63: 2.51 | M63: 2.53 | N63: 2.55 | O63: 2.57 | P63: 2.59 | Q63: 2.61
A64: Granada
A65: Total | B65: 461335 | C65: 457684 | D65: 453910 | E65: 449962 | F65: 445938 | G65: 441796 | H65: 437555 | I65: 433060 | J65: 428286 | K65: 423230 | L65: 417746 | M65: 411684 | N65: 405229 | O65: 398444 | P65: 391363 | Q65: 384187
A66: 1 persona | B66: 170310 | C66: 167425 | D66: 164458 | E66: 161383 | F66: 158287 | G66: 155132 | H66: 151945 | I66: 148617 | J66: 145170 | K66: 141655 | L66: 137933 | M66: 133897 | N66: 129795 | O66: 125657 | P66: 121410 | Q66: 117197
A67: 2 personas | B67: 140763 | C67: 139112 | D67: 137384 | E67: 135547 | F67: 133663 | G67: 131736 | H67: 129798 | I67: 127768 | J67: 125647 | K67: 123423 | L67: 121083 | M67: 118572 | N67: 115914 | O67: 113168 | P67: 110379 | Q67: 107510
A68: 3 personas | B68: 76116 | C68: 76177 | D68: 76227 | E68: 76256 | F68: 76269 | G68: 76260 | H68: 76227 | I68: 76148 | J68: 76025 | K68: 75829 | L68: 75568 | M68: 75228 | N68: 74797 | O68: 74267 | P68: 73689 | Q68: 73078
A69: 4 personas o más | B69: 74146 | C69: 74970 | D69: 75841 | E69: 76776 | F69: 77719 | G69: 78668 | H69: 79585 | I69: 80527 | J69: 81444 | K69: 82323 | L69: 83162 | M69: 83987 | N69: 84723 | O69: 85352 | P69: 85885 | Q69: 86402
A70: Tamaño medio | B70: 2.17 | C70: 2.19 | D70: 2.2 | E70: 2.22 | F70: 2.23 | G70: 2.25 | H70: 2.26 | I70: 2.28 | J70: 2.29 | K70: 2.31 | L70: 2.33 | M70: 2.35 | N70: 2.37 | O70: 2.39 | P70: 2.41 | Q70: 2.43
A71: Córdoba
A72: Total | B72: 335140 | C72: 334038 | D72: 332828 | E72: 331525 | F72: 330177 | G72: 328743 | H72: 327252 | I72: 325570 | J72: 323820 | K72: 321971 | L72: 319829 | M72: 317422 | N72: 314847 | O72: 312216 | P72: 309411 | Q72: 306418
A73: 1 persona | B73: 115894 | C73: 114101 | D73: 112239 | E73: 110329 | F73: 108404 | G73: 106426 | H73: 104391 | I73: 102252 | J73: 100117 | K73: 98004 | L73: 95639 | M73: 93068 | N73: 90495 | O73: 87989 | P73: 85305 | Q73: 82531
A74: 2 personas | B74: 109744 | C74: 108914 | D74: 107993 | E74: 106973 | F74: 105906 | G74: 104774 | H74: 103644 | I74: 102372 | J74: 101041 | K74: 99604 | L74: 98098 | M74: 96535 | N74: 94815 | O74: 93056 | P74: 91310 | Q74: 89414
A75: 3 personas | B75: 57183 | C75: 57616 | D75: 58043 | E75: 58461 | F75: 58865 | G75: 59262 | H75: 59648 | I75: 60021 | J75: 60357 | K75: 60662 | L75: 60952 | M75: 61209 | N75: 61439 | O75: 61601 | P75: 61764 | Q75: 61920
A76: 4 personas o más | B76: 52319 | C76: 53407 | D76: 54553 | E76: 55762 | F76: 57002 | G76: 58281 | H76: 59569 | I76: 60925 | J76: 62305 | K76: 63701 | L76: 65140 | M76: 66610 | N76: 68098 | O76: 69570 | P76: 71032 | Q76: 72553
A77: Tamaño medio | B77: 2.21 | C77: 2.22 | D77: 2.24 | E77: 2.25 | F77: 2.27 | G77: 2.29 | H77: 2.31 | I77: 2.32 | J77: 2.34 | K77: 2.36 | L77: 2.38 | M77: 2.4 | N77: 2.43 | O77: 2.45 | P77: 2.47 | Q77: 2.5
A78: Aragón
A79: Total | B79: 665262 | C79: 660289 | D79: 655040 | E79: 649661 | F79: 644083 | G79: 638419 | H79: 632539 | I79: 626260 | J79: 619694 | K79: 612668 | L79: 605136 | M79: 596876 | N79: 588151 | O79: 579002 | P79: 569558 | Q79: 560053
A80: 1 persona | B80: 248263 | C80: 243831 | D80: 239182 | E80: 234502 | F80: 229711 | G80: 224960 | H80: 220105 | I80: 215054 | J80: 210001 | K80: 204831 | L80: 199493 | M80: 193860 | N80: 188257 | O80: 182646 | P80: 176982 | Q80: 171369
A81: 2 personas | B81: 204434 | C81: 202352 | D81: 200109 | E81: 197736 | F81: 195264 | G81: 192752 | H81: 190225 | I81: 187566 | J81: 184825 | K81: 181954 | L81: 179031 | M81: 175932 | N81: 172700 | O81: 169402 | P81: 166093 | Q81: 162702
A82: 3 personas | B82: 108099 | C82: 108689 | D82: 109287 | E82: 109863 | F82: 110417 | G82: 110908 | H82: 111348 | I82: 111736 | J82: 112007 | K82: 112164 | L82: 112188 | M82: 112079 | N82: 111810 | O82: 111394 | P82: 110890 | Q82: 110362
A83: 4 personas o más | B83: 104466 | C83: 105417 | D83: 106462 | E83: 107560 | F83: 108691 | G83: 109799 | H83: 110861 | I83: 111904 | J83: 112861 | K83: 113719 | L83: 114424 | M83: 115005 | N83: 115384 | O83: 115560 | P83: 115593 | Q83: 115620
A84: Tamaño medio | B84: 2.16 | C84: 2.17 | D84: 2.19 | E84: 2.2 | F84: 2.21 | G84: 2.23 | H84: 2.24 | I84: 2.26 | J84: 2.27 | K84: 2.29 | L84: 2.31 | M84: 2.32 | N84: 2.34 | O84: 2.35 | P84: 2.37 | Q84: 2.39
A85: Zaragoza
A86: Total | B86: 487892 | C86: 484237 | D86: 480394 | E86: 476431 | F86: 472331 | G86: 468142 | H86: 463834 | I86: 459204 | J86: 454355 | K86: 449152 | L86: 443593 | M86: 437476 | N86: 431008 | O86: 424215 | P86: 417223 | Q86: 410219
A87: 1 persona | B87: 179379 | C87: 176152 | D87: 172778 | E87: 169362 | F87: 165876 | G87: 162399 | H87: 158889 | I87: 155204 | J87: 151517 | K87: 147742 | L87: 143861 | M87: 139747 | N87: 135656 | O87: 131554 | P87: 127435 | Q87: 123376
A88: 2 personas | B88: 152634 | C88: 151080 | D88: 149405 | E88: 147618 | F88: 145756 | G88: 143857 | H88: 141962 | I88: 139965 | J88: 137907 | K88: 135741 | L88: 133558 | M88: 131231 | N88: 128809 | O88: 126342 | P88: 123878 | Q88: 121344
A89: 3 personas | B89: 80417 | C89: 80836 | D89: 81264 | E89: 81677 | F89: 82075 | G89: 82422 | H89: 82729 | I89: 82999 | J89: 83178 | K89: 83269 | L89: 83252 | M89: 83141 | N89: 82906 | O89: 82560 | P89: 82146 | Q89: 81723
A90: 4 personas o más | B90: 75462 | C90: 76169 | D90: 76947 | E90: 77774 | F90: 78624 | G90: 79464 | H90: 80254 | I90: 81036 | J90: 81753 | K90: 82400 | L90: 82922 | M90: 83357 | N90: 83637 | O90: 83759 | P90: 83764 | Q90: 83776
A91: Tamaño medio | B91: 2.14 | C91: 2.16 | D91: 2.17 | E91: 2.18 | F91: 2.2 | G91: 2.21 | H91: 2.23 | I91: 2.25 | J91: 2.26 | K91: 2.28 | L91: 2.29 | M91: 2.31 | N91: 2.33 | O91: 2.35 | P91: 2.36 | Q91: 2.38
A92: Teruel
A93: Total | B93: 65848 | C93: 65399 | D93: 64907 | E93: 64415 | F93: 63902 | G93: 63384 | H93: 62823 | I93: 62238 | J93: 61631 | K93: 60982 | L93: 60291 | M93: 59541 | N93: 58741 | O93: 57927 | P93: 57083 | Q93: 56214
A94: 1 persona | B94: 26059 | C94: 25622 | D94: 25153 | E94: 24695 | F94: 24223 | G94: 23766 | H94: 23268 | I94: 22768 | J94: 22269 | K94: 21751 | L94: 21221 | M94: 20672 | N94: 20105 | O94: 19558 | P94: 18997 | Q94: 18421
A95: 2 personas | B95: 18671 | C95: 18514 | D95: 18336 | E95: 18149 | F95: 17954 | G95: 17744 | H95: 17533 | I95: 17312 | J95: 17078 | K95: 16843 | L95: 16593 | M95: 16328 | N95: 16051 | O95: 15768 | P95: 15484 | Q95: 15197
A96: 3 personas | B96: 10676 | C96: 10710 | D96: 10743 | E96: 10771 | F96: 10798 | G96: 10817 | H96: 10835 | I96: 10846 | J96: 10849 | K96: 10843 | L96: 10830 | M96: 10803 | N96: 10767 | O96: 10719 | P96: 10665 | Q96: 10608
A97: 4 personas o más | B97: 10442 | C97: 10553 | D97: 10675 | E97: 10800 | F97: 10927 | G97: 11057 | H97: 11187 | I97: 11312 | J97: 11435 | K97: 11545 | L97: 11647 | M97: 11738 | N97: 11818 | O97: 11882 | P97: 11937 | Q97: 11988
A98: Tamaño medio | B98: 2.17 | C98: 2.18 | D98: 2.2 | E98: 2.21 | F98: 2.22 | G98: 2.24 | H98: 2.25 | I98: 2.26 | J98: 2.28 | K98: 2.29 | L98: 2.31 | M98: 2.32 | N98: 2.34 | O98: 2.35 | P98: 2.37 | Q98: 2.38
A99: Huesca
A100: Total | B100: 111522 | C100: 110653 | D100: 109739 | E100: 108815 | F100: 107850 | G100: 106893 | H100: 105882 | I100: 104818 | J100: 103708 | K100: 102534 | L100: 101252 | M100: 99859 | N100: 98402 | O100: 96860 | P100: 95252 | Q100: 93620
A101: 1 persona | B101: 42825 | C101: 42057 | D101: 41251 | E101: 40445 | F101: 39612 | G101: 38795 | H101: 37948 | I101: 37082 | J101: 36215 | K101: 35338 | L101: 34411 | M101: 33441 | N101: 32496 | O101: 31534 | P101: 30550 | Q101: 29572
A102: 2 personas | B102: 33129 | C102: 32758 | D102: 32368 | E102: 31969 | F102: 31554 | G102: 31151 | H102: 30730 | I102: 30289 | J102: 29840 | K102: 29370 | L102: 28880 | M102: 28373 | N102: 27840 | O102: 27292 | P102: 26731 | Q102: 26161
...
